Estacao;Data;Hora;Precipitacao;TempMaxima;TempMinima;Insolacao;Evaporacao Piche;Temp Comp Media;Umidade Relativa Media;Velocidade do Vento Media;
82689;01/05/2018;0000;;30.7;;8.9;1.5;24.98;85.25;2.4;
82689;01/05/2018;1200;10.7;;21.6;;;;;;
82689;02/05/2018;0000;;30.6;;6.9;2.2;25.12;90.25;0.866667;
82689;02/05/2018;1200;2.2;;21.8;;;;;;
82689;03/05/2018;0000;;30.2;;7.8;2.3;25.44;83;2.233333;
82689;03/05/2018;1200;0.5;;21;;;;;;
82689;04/05/2018;0000;;31.6;;10.7;2.5;25.38;79;2.066667;
82689;04/05/2018;1200;0;;20.6;;;;;;
82689;05/05/2018;0000;;29.7;;4.9;3.5;25.62;84.25;1.933333;
82689;05/05/2018;1200;0;;24.3;;;;;;
82689;06/05/2018;0000;;30.2;;5.5;1.9;25.44;82.5;1.966667;
82689;06/05/2018;1200;0;;21.8;;;;;;
82689;07/05/2018;0000;;29.2;;4.9;2.2;24.34;80;2.7;
82689;07/05/2018;1200;0;;19.9;;;;;;
82689;08/05/2018;0000;;31.2;;9.4;2.5;24.96;84.25;1.733333;
82689;08/05/2018;1200;0;;20.1;;;;;;
82689;09/05/2018;0000;;31.2;;10.3;3.2;26.52;70.75;3.133333;
82689;09/05/2018;1200;0;;21.8;;;;;;
82689;10/05/2018;0000;;31;;7.1;3.3;25.4;87.25;1.033333;
82689;10/05/2018;1200;0;;22.8;;;;;;
82689;11/05/2018;0000;;32.2;;9.9;2.1;26.04;83.75;1.8;
82689;11/05/2018;1200;0;;21.2;;;;;;
82689;12/05/2018;0000;;32;;10.4;2.7;26.5;81.5;0.866667;
82689;12/05/2018;1200;0;;22.6;;;;;;
82689;13/05/2018;0000;;32.1;;10.3;3;26.32;84.5;1.4;
82689;13/05/2018;1200;0;;23.5;;;;;;
82689;14/05/2018;0000;;31.8;;10.1;2.6;26.04;73.5;2.233333;
82689;14/05/2018;1200;0.2;;22.4;;;;;;
82689;15/05/2018;0000;;30.6;;5;3.4;24.76;84.75;1.7;
82689;15/05/2018;1200;0;;18.8;;;;;;
82689;16/05/2018;0000;;31.6;;9.6;2.2;25.02;82.5;1.7;
82689;16/05/2018;1200;0.9;;21.3;;;;;;
82689;17/05/2018;0000;;32;;8.8;2.7;25.56;89;1.366667;
82689;17/05/2018;1200;0;;23.4;;;;;;
82689;18/05/2018;0000;;31.3;;9.1;2.3;26.18;79.75;2.533333;
82689;18/05/2018;1200;0;;22;;;;;;
82689;19/05/2018;0000;;31.8;;10;3.3;25.3;80.75;1.8;
82689;19/05/2018;1200;0;;22.6;;;;;;
82689;20/05/2018;0000;;33;;10;2.7;25.92;83.25;1.3;
82689;20/05/2018;1200;0;;19.2;;;;;;
82689;21/05/2018;0000;;32.6;;8.5;2.5;25.76;83.75;2.166667;
82689;21/05/2018;1200;0;;21;;;;;;
82689;22/05/2018;0000;;32.6;;9.8;3.2;25.56;76.75;2.866667;
82689;22/05/2018;1200;0;;22;;;;;;
82689;23/05/2018;0000;;32;;9.9;4.7;24.58;77.75;1.6;
82689;23/05/2018;1200;0;;18.8;;;;;;
82689;24/05/2018;0000;;32.5;;10;3.7;24.58;72.75;1.733333;
82689;24/05/2018;1200;0;;16.9;;;;;;
82689;25/05/2018;0000;;32.2;;9.5;4;26.1;78.5;1.933333;
82689;25/05/2018;1200;0;;19.8;;;;;;
82689;26/05/2018;0000;;32.5;;8.2;5;27.18;76.5;2.4;
82689;26/05/2018;1200;0;;23.2;;;;;;
82689;27/05/2018;0000;;32.2;;9.6;5.2;26.48;68.5;2.966667;
82689;27/05/2018;1200;0;;24;;;;;;
82689;28/05/2018;0000;;31.4;;7;4.8;24.82;82;3.166667;
82689;28/05/2018;1200;0;;20.3;;;;;;
82689;29/05/2018;0000;;31.1;;10.1;3.6;24.98;76.75;2.866667;
82689;29/05/2018;1200;4.6;;20.4;;;;;;
82689;30/05/2018;0000;;31.2;;9.9;5;25.48;74.25;2.933333;
82689;30/05/2018;1200;0;;21.3;;;;;;
82689;31/05/2018;0000;;30.7;;6.1;5;25.44;77;2.233333;
82689;31/05/2018;1200;0;;21.4;;;;;;
82689;01/06/2018;0000;;33.4;;9.3;3.1;24.72;80;1.366667;
82689;01/06/2018;1200;0;;18;;;;;;
82689;02/06/2018;0000;;33.8;;9.4;3.7;25.18;77;2.033333;
82689;02/06/2018;1200;0;;18.8;;;;;;
82689;03/06/2018;0000;;33.4;;8.6;3.7;27.26;79.25;2.166667;
82689;03/06/2018;1200;0;;23.7;;;;;;
82689;04/06/2018;0000;;32.6;;7;3.4;27.4;62;2.466667;
82689;04/06/2018;1200;0;;19.6;;;;;;
82689;05/06/2018;0000;;32.8;;10.7;5.5;25.12;72;3.2;
82689;05/06/2018;1200;0;;19.9;;;;;;
82689;06/06/2018;0000;;33.2;;8.7;5;24.94;80.25;1.5;
82689;06/06/2018;1200;0;;16.6;;;;;;
82689;07/06/2018;0000;;32;;8.7;3.5;26;80.25;1.933333;
82689;07/06/2018;1200;0;;21.2;;;;;;
82689;08/06/2018;0000;;27.2;;0.8;3;23.94;94.5;1.766667;
82689;08/06/2018;1200;0.8;;20.1;;;;;;
82689;09/06/2018;0000;;32.6;;10;0.9;25.26;80;2.133333;
82689;09/06/2018;1200;10;;20.4;;;;;;
82689;10/06/2018;0000;;32.3;;9.9;3.1;24.8;77.5;2.466667;
82689;10/06/2018;1200;0;;19.1;;;;;;
82689;11/06/2018;0000;;32.2;;10.6;5.5;25.32;76.5;3.133333;
82689;11/06/2018;1200;0;;22.6;;;;;;
82689;12/06/2018;0000;;32.6;;9.9;4.5;25.1;63.5;3.4;
82689;12/06/2018;1200;0;;17.5;;;;;;
82689;13/06/2018;0000;;32.5;;10.4;6;26.94;61.25;4.466667;
82689;13/06/2018;1200;0;;22.6;;;;;;
82689;14/06/2018;0000;;31.6;;9.7;6.3;24.46;77.75;2.566667;
82689;14/06/2018;1200;0;;20.4;;;;;;
82689;15/06/2018;0000;;33.8;;9.7;4;27.16;64.75;1.666667;
82689;15/06/2018;1200;0;;18.3;;;;;;
82689;16/06/2018;0000;;32.6;;7.3;5.2;26.42;71;2.633333;
82689;16/06/2018;1200;0;;20.9;;;;;;
82689;17/06/2018;0000;;32.6;;4.3;4.7;26.8;68.5;2.433333;
82689;17/06/2018;1200;0;;21.4;;;;;;
82689;18/06/2018;0000;;33.2;;10.2;4.4;25.58;76.5;2.533333;
82689;18/06/2018;1200;0;;21.6;;;;;;
82689;19/06/2018;0000;;32.4;;10;4;26.52;74;2.4;
82689;19/06/2018;1200;0;;20;;;;;;
82689;20/06/2018;0000;;32.8;;9.9;5.7;26.52;70;2.766667;
82689;20/06/2018;1200;0;;24.2;;;;;;
82689;21/06/2018;0000;;33.4;;10.4;6;24.44;73.25;1.333333;
82689;21/06/2018;1200;0;;17.8;;;;;;
82689;22/06/2018;0000;;33.9;;10.2;4.8;25.34;69.75;2.6;
82689;22/06/2018;1200;0;;18.4;;;;;;
82689;23/06/2018;0000;;33.2;;10.3;6.5;26.76;53.75;3.433333;
82689;23/06/2018;1200;0;;18.2;;;;;;
82689;24/06/2018;0000;;30.8;;3.5;8.2;25.76;66;3.033333;
82689;24/06/2018;1200;0;;20.6;;;;;;
82689;25/06/2018;0000;;32.7;;7.4;5.3;23.94;75.25;2.866667;
82689;25/06/2018;1200;0;;17.5;;;;;;
82689;26/06/2018;0000;;33.6;;9.8;4.5;24.08;70.5;1.866667;
82689;26/06/2018;1200;0;;16;;;;;;
82689;27/06/2018;0000;;34.4;;10.5;4.7;27.84;58;2.6;
82689;27/06/2018;1200;0;;20.5;;;;;;
82689;28/06/2018;0000;;33.7;;10.5;7.3;27.98;54.25;2.366667;
82689;28/06/2018;1200;0;;22.8;;;;;;
82689;29/06/2018;0000;;32.4;;8.9;7.4;25.66;60;4.966667;
82689;29/06/2018;1200;0;;18.9;;;;;;
82689;30/06/2018;0000;;34.2;;10.6;6.7;24.96;63;2.466667;
82689;30/06/2018;1200;0;;20;;;;;;
82689;01/07/2018;0000;;34.9;;10.5;5.7;25.48;67;1.6;
82689;01/07/2018;1200;0;;16.3;;;;;;
82689;02/07/2018;0000;;35.2;;9.7;5;28.32;69;1.7;
82689;02/07/2018;1200;0;;22.2;;;;;;
82689;03/07/2018;0000;;33.8;;9.2;5.1;27.02;71;2.633333;
82689;03/07/2018;1200;0;;23.2;;;;;;
82689;04/07/2018;0000;;34.2;;10.6;5.4;26.42;64.5;2.5;
82689;04/07/2018;1200;0;;20.3;;;;;;
82689;05/07/2018;0000;;35.2;;10.6;6.8;26.2;68;2.033333;
82689;05/07/2018;1200;0;;21.6;;;;;;
82689;06/07/2018;0000;;33.1;;7.7;6.3;26.2;73.5;2.066667;
82689;06/07/2018;1200;0;;19.3;;;;;;
82689;07/07/2018;0000;;30.9;;3.7;5.1;25.86;79;2.8;
82689;07/07/2018;1200;0;;23.8;;;;;;
82689;08/07/2018;0000;;33.6;;10.6;5.1;26.48;68.25;2.066667;
82689;08/07/2018;1200;0;;21;;;;;;
82689;09/07/2018;0000;;34.6;;10.5;6.6;26.04;70.5;2.633333;
82689;09/07/2018;1200;0;;22.5;;;;;;
82689;10/07/2018;0000;;30;;0.5;6.1;25.22;75.5;1.633333;
82689;10/07/2018;1200;0;;22.8;;;;;;
82689;11/07/2018;0000;;32.6;;6.6;3.9;26.32;79.75;2.166667;
82689;11/07/2018;1200;0;;21.8;;;;;;
82689;12/07/2018;0000;;35.6;;8.9;4.3;28.58;59.5;2.633333;
82689;12/07/2018;1200;0;;21.7;;;;;;
82689;13/07/2018;0000;;33.8;;10.4;7.1;27.04;57.25;3.133333;
82689;13/07/2018;1200;0;;20;;;;;;
82689;14/07/2018;0000;;33.4;;10.3;6.9;24.86;64.5;2.966667;
82689;14/07/2018;1200;0;;18.2;;;;;;
82689;15/07/2018;0000;;34;;10.3;5.5;26.1;66.5;2.833333;
82689;15/07/2018;1200;0;;18.3;;;;;;
82689;16/07/2018;0000;;33.2;;10.4;6;25.98;63.75;1.933333;
82689;16/07/2018;1200;0;;20.5;;;;;;
82689;17/07/2018;0000;;34.5;;10.4;6.3;25.7;58.5;2.233333;
82689;17/07/2018;1200;0;;16.6;;;;;;
82689;18/07/2018;0000;;33.2;;9.7;6.6;26.3;62.5;2.566667;
82689;18/07/2018;1200;0;;18.5;;;;;;
82689;19/07/2018;0000;;34.1;;8.9;6.8;27.94;52.25;3.466667;
82689;19/07/2018;1200;0;;23.5;;;;;;
82689;20/07/2018;0000;;34;;9.9;8.7;27.34;59.75;3.566667;
82689;20/07/2018;1200;0;;24.9;;;;;;
82689;21/07/2018;0000;;34.8;;10.5;7.5;28.26;47.25;3.466667;
82689;21/07/2018;1200;0;;20.5;;;;;;
82689;22/07/2018;0000;;34.8;;7.8;8.6;28.2;56.75;2.633333;
82689;22/07/2018;1200;0;;23.7;;;;;;
82689;23/07/2018;0000;;33.4;;8.6;7.9;27.46;53.5;4.066667;
82689;23/07/2018;1200;0;;22.9;;;;;;
82689;24/07/2018;0000;;32.7;;8.5;10;27.18;58.5;3.633333;
82689;24/07/2018;1200;0;;21.6;;;;;;
82689;25/07/2018;0000;;33.6;;10.2;8.8;27.98;54.25;4.166667;
82689;25/07/2018;1200;0;;22.2;;;;;;
82689;26/07/2018;0000;;34;;10.3;8;28.18;55;3.066667;
82689;26/07/2018;1200;0;;22.1;;;;;;
82689;27/07/2018;0000;;34.5;;10.1;8.2;28.6;61.75;1.933333;
82689;27/07/2018;1200;0;;23.7;;;;;;
82689;28/07/2018;0000;;33.8;;8.9;7.5;28.48;61.25;2.733333;
82689;28/07/2018;1200;0;;24.2;;;;;;
82689;29/07/2018;0000;;34.6;;10.1;7.8;27.82;66;2.033333;
82689;29/07/2018;1200;0;;23.3;;;;;;
82689;30/07/2018;0000;;34.2;;10.7;6.5;25.9;73;1.766667;
82689;30/07/2018;1200;0;;21.1;;;;;;
82689;31/07/2018;0000;;35.6;;10.1;5.2;27.54;72;1.7;
82689;31/07/2018;1200;0;;20.7;;;;;;
82689;01/08/2018;0000;;35.4;;10.5;6.1;27.8;73.25;1.966667;
82689;01/08/2018;1200;0;;21.6;;;;;;
82689;02/08/2018;0000;;34.6;;10.8;6;27.82;65.25;1.833333;
82689;02/08/2018;1200;0;;23.5;;;;;;
82689;03/08/2018;0000;;34.8;;10.8;6.1;25.86;68.75;2.566667;
82689;03/08/2018;1200;0;;20.9;;;;;;
82689;04/08/2018;0000;;34;;10.4;5.6;25.58;69.25;1.366667;
82689;04/08/2018;1200;0;;20.8;;;;;;
82689;05/08/2018;0000;;35.2;;10.9;5.5;26.62;69.25;2;
82689;05/08/2018;1200;0;;19.1;;;;;;
82689;06/08/2018;0000;;35;;10.9;5.8;27;65.5;2.233333;
82689;06/08/2018;1200;0;;21.2;;;;;;
82689;07/08/2018;0000;;35.3;;10.8;6.9;26.44;74.25;1.6;
82689;07/08/2018;1200;0;;19.4;;;;;;
82689;08/08/2018;0000;;35.4;;10.8;6.1;28.58;48.75;3;
82689;08/08/2018;1200;0;;21.3;;;;;;
82689;09/08/2018;0000;;35.2;;11;8.3;26.44;68.5;1.566667;
82689;09/08/2018;1200;0;;20.2;;;;;;
82689;10/08/2018;0000;;35;;9.7;5.9;26.8;69.5;2.033333;
82689;10/08/2018;1200;0;;20.3;;;;;;
82689;11/08/2018;0000;;35.2;;10.8;5.6;26.44;66.5;2.9;
82689;11/08/2018;1200;0;;21.9;;;;;;
82689;12/08/2018;0000;;35.7;;10.4;5.2;26.52;66;1.966667;
82689;12/08/2018;1200;0;;19.9;;;;;;
82689;13/08/2018;0000;;34.4;;8.1;4.8;27.02;79.5;2;
82689;13/08/2018;1200;0;;23.8;;;;;;
82689;14/08/2018;0000;;34.8;;10.5;5.7;27.18;68.5;2.233333;
82689;14/08/2018;1200;0;;22.8;;;;;;
82689;15/08/2018;0000;;35;;10.9;7.2;26.18;69;2.366667;
82689;15/08/2018;1200;0;;20.8;;;;;;
82689;16/08/2018;0000;;35;;10.3;8.3;27.5;58.25;2.7;
82689;16/08/2018;1200;0;;22.2;;;;;;
82689;17/08/2018;0000;;35;;10.8;7.8;27.84;49.5;4.3;
82689;17/08/2018;1200;0;;20.5;;;;;;
82689;18/08/2018;0000;;34.4;;10.7;9;28.08;49.75;3.133333;
82689;18/08/2018;1200;0;;20.8;;;;;;
82689;19/08/2018;0000;;34.7;;8.8;9.9;28.52;51;3.5;
82689;19/08/2018;1200;0;;22.3;;;;;;
82689;20/08/2018;0000;;34.5;;10.8;8.6;28.06;50.75;3.333333;
82689;20/08/2018;1200;0;;21.2;;;;;;
82689;21/08/2018;0000;;34.9;;10.8;9.7;28.78;53.5;3.633333;
82689;21/08/2018;1200;0;;22.2;;;;;;
82689;22/08/2018;0000;;35.3;;10.7;8.9;28.76;44.5;2.966667;
82689;22/08/2018;1200;0;;20.8;;;;;;
82689;23/08/2018;0000;;35;;10.9;8.9;28.66;52.5;3.066667;
82689;23/08/2018;1200;0;;22.6;;;;;;
82689;24/08/2018;0000;;35.6;;11;8.9;28.74;48.5;3.533333;
82689;24/08/2018;1200;0;;22;;;;;;
82689;25/08/2018;0000;;36.2;;11;8.6;29.66;47.75;3.066667;
82689;25/08/2018;1200;0;;22.1;;;;;;
82689;26/08/2018;0000;;35.6;;11;8.5;29.4;48.5;3.2;
82689;26/08/2018;1200;0;;22.6;;;;;;
82689;27/08/2018;0000;;35.2;;11;8.8;26.88;61.5;2.533333;
82689;27/08/2018;1200;0;;22.2;;;;;;
82689;28/08/2018;0000;;35;;10.6;8.6;28.68;56.75;2.9;
82689;28/08/2018;1200;0;;23.4;;;;;;
82689;29/08/2018;0000;;34.2;;11;8.5;28.38;53.25;3.033333;
82689;29/08/2018;1200;0;;23.1;;;;;;
82689;30/08/2018;0000;;33.6;;11.2;9;27.52;56.75;3.466667;
82689;30/08/2018;1200;0;;22.4;;;;;;
82689;31/08/2018;0000;;34.6;;11.1;8.4;27.26;59.5;2.966667;
82689;31/08/2018;1200;0;;22.1;;;;;;
82689;01/09/2018;0000;;35.7;;10.9;7.6;27.86;68.25;2.366667;
82689;01/09/2018;1200;0;;22.4;;;;;;
82689;02/09/2018;0000;;35.4;;11;9.2;29.14;53.5;4.133333;
82689;02/09/2018;1200;0;;23.3;;;;;;
82689;03/09/2018;0000;;36;;11;9.2;27.04;69.5;1.733333;
82689;03/09/2018;1200;0;;20;;;;;;
82689;04/09/2018;0000;;36.8;;11;7.6;27.76;69;2.05;
82689;04/09/2018;1200;0;;21.1;;;;;;
82689;05/09/2018;0000;;36.4;;10.8;5.7;27.66;66.5;2.233333;
82689;05/09/2018;1200;0;;20.8;;;;;;
82689;06/09/2018;0000;;35;;10.3;6.4;28.4;54.75;5.4;
82689;06/09/2018;1200;0;;22;;;;;;
82689;07/09/2018;0000;;35.2;;10.5;8.4;28.72;54.25;2.833333;
82689;07/09/2018;1200;0;;21.5;;;;;;
82689;08/09/2018;0000;;34.7;;10.8;7.5;28.14;53.5;3.733333;
82689;08/09/2018;1200;0;;23;;;;;;
82689;09/09/2018;0000;;35.2;;11.3;9.1;28.9;51.25;4;
82689;09/09/2018;1200;0;;21.1;;;;;;
82689;10/09/2018;0000;;37;;10.6;9.6;29.84;49;3.733333;
82689;10/09/2018;1200;0;;21.8;;;;;;
82689;11/09/2018;0000;;36;;11.1;9.4;29.2;52.25;2.933333;
82689;11/09/2018;1200;0;;21.8;;;;;;
82689;12/09/2018;0000;;36.4;;11.1;9.3;29.34;48;3.333333;
82689;12/09/2018;1200;0;;22.2;;;;;;
82689;13/09/2018;0000;;35.4;;10.8;9.5;28.96;45.75;3.733333;
82689;13/09/2018;1200;0;;22.4;;;;;;
82689;14/09/2018;0000;;35.6;;11;9.7;30.46;54.75;3.2;
82689;14/09/2018;1200;0;;19.4;;;;;;
82689;15/09/2018;0000;;35.2;;10.9;9;28.8;50.5;3.533333;
82689;15/09/2018;1200;0;;21.9;;;;;;
82689;16/09/2018;0000;;35.6;;11;8.8;29.42;51;3.8;
82689;16/09/2018;1200;0;;22;;;;;;
82689;17/09/2018;0000;;36.2;;10.7;8.2;29.38;47.75;4.033333;
82689;17/09/2018;1200;0;;22.8;;;;;;
82689;18/09/2018;0000;;35.9;;10.9;9.9;29.14;52;3.533333;
82689;18/09/2018;1200;0;;23.3;;;;;;
82689;19/09/2018;0000;;35.5;;10.7;9.7;28.8;49.5;3.233333;
82689;19/09/2018;1200;0;;21.3;;;;;;
82689;20/09/2018;0000;;36;;10.3;9.5;28.96;48.75;4.633333;
82689;20/09/2018;1200;0;;21.6;;;;;;
82689;21/09/2018;0000;;36;;8.9;9.9;28.48;62;3.3;
82689;21/09/2018;1200;0;;21.8;;;;;;
82689;22/09/2018;0000;;36.6;;10.9;8;28.26;60.75;2.1;
82689;22/09/2018;1200;0;;22.1;;;;;;
82689;23/09/2018;0000;;36.4;;11;9.1;28.72;65;2.6;
82689;23/09/2018;1200;0;;22.8;;;;;;
82689;24/09/2018;0000;;36.6;;9.8;8.5;28.44;66.5;3.1;
82689;24/09/2018;1200;0;;21.9;;;;;;
82689;25/09/2018;0000;;36.1;;10.7;9.2;28.44;66;2.466667;
82689;25/09/2018;1200;0;;23.4;;;;;;
82689;26/09/2018;0000;;37;;11;7.7;29.98;48.25;3.7;
82689;26/09/2018;1200;0;;23.1;;;;;;
82689;27/09/2018;0000;;35.8;;10.9;9.9;27.92;65.25;3.166667;
82689;27/09/2018;1200;0;;21.6;;;;;;
82689;28/09/2018;0000;;36.2;;11;9.2;28.14;67.75;2.8;
82689;28/09/2018;1200;0;;23.1;;;;;;
82689;29/09/2018;0000;;37;;11.1;6.4;28.52;65.75;2.066667;
82689;29/09/2018;1200;0;;21.3;;;;;;
82689;30/09/2018;0000;;37.5;;10.6;6.9;30.12;53.25;3.066667;
82689;30/09/2018;1200;0;;23.3;;;;;;
82689;01/10/2018;0000;;36.4;;10.9;8.6;27.96;49;3.233333;
82689;01/10/2018;1200;0;;22.6;;;;;;
82689;02/10/2018;0000;;36.6;;11;9.5;27.92;61.75;2.4;
82689;02/10/2018;1200;0;;21;;;;;;
82689;03/10/2018;0000;;36.4;;11;8;28.34;67.25;2.033333;
82689;03/10/2018;1200;0;;21.9;;;;;;
82689;04/10/2018;0000;;36.6;;11.2;6.2;29.5;66.25;2.366667;
82689;04/10/2018;1200;0;;24.8;;;;;;
82689;05/10/2018;0000;;36.3;;9.2;;29.5;68;2.333333;
82689;05/10/2018;1200;0;;24.7;;;;;;
82689;06/10/2018;0000;;35.4;;6;5.9;28.7;61.5;2.466667;
82689;06/10/2018;1200;0;;25.4;;;;;;
82689;07/10/2018;0000;;36.5;;11;6.5;28.86;55.5;2.733333;
82689;07/10/2018;1200;0;;23.1;;;;;;
82689;08/10/2018;0000;;36.4;;10.5;9.4;29.38;45.75;3.5;
82689;08/10/2018;1200;0;;23.6;;;;;;
82689;09/10/2018;0000;;36.8;;11.1;9.9;28.88;50.5;3.166667;
82689;09/10/2018;1200;0;;22.3;;;;;;
82689;10/10/2018;0000;;36.6;;11;9.5;28.84;51.5;2.7;
82689;10/10/2018;1200;0;;22.6;;;;;;
82689;11/10/2018;0000;;36.4;;11;9.2;28.62;66.25;2.3;
82689;11/10/2018;1200;0;;23.2;;;;;;
82689;12/10/2018;0000;;36.5;;10.4;7.8;29.02;66.75;2.033333;
82689;12/10/2018;1200;0;;24.2;;;;;;
82689;13/10/2018;0000;;37.1;;10.8;;29.9;56.75;2.8;
82689;13/10/2018;1200;0;;23.1;;;;;;
82689;14/10/2018;0000;;37.5;;10.7;7.1;30.52;60.25;3.033333;
82689;14/10/2018;1200;0;;25.2;;;;;;
82689;15/10/2018;0000;;35.1;;4.7;5.7;29.08;68.5;2.266667;
82689;15/10/2018;1200;0;;25;;;;;;
82689;16/10/2018;0000;;34.6;;5.5;4.4;28.52;69.5;1.833333;
82689;16/10/2018;1200;0;;25.6;;;;;;
82689;17/10/2018;0000;;36.4;;8.5;5.4;29.62;57;2.966667;
82689;17/10/2018;1200;0;;23.3;;;;;;
82689;18/10/2018;0000;;35.8;;7.1;6.4;28.4;68.5;2.333333;
82689;18/10/2018;1200;0;;24;;;;;;
82689;19/10/2018;0000;;36.4;;9.6;5.7;28.14;68.25;1.8;
82689;19/10/2018;1200;0;;22.3;;;;;;
82689;20/10/2018;0000;;;;11.4;6.5;29.1;53.5;3.033333;
82689;20/10/2018;1200;0;;22.5;;;;;;
82689;21/10/2018;0000;;36.8;;8.9;6.8;28.82;57.75;3;
82689;21/10/2018;1200;0;;22.5;;;;;;
82689;22/10/2018;0000;;37.5;;7.9;6.6;30.7;46.5;3.566667;
82689;22/10/2018;1200;0;;25.6;;;;;;
82689;23/10/2018;0000;;36.9;;11.2;9.1;29.14;62.5;3.233333;
82689;23/10/2018;1200;0;;23.6;;;;;;
82689;24/10/2018;0000;;36.8;;11;7.5;29.44;60.25;2.266667;
82689;24/10/2018;1200;0;;23.6;;;;;;
82689;25/10/2018;0000;;37.9;;11.3;8.8;29.26;60.25;3.066667;
82689;25/10/2018;1200;0;;23.7;;;;;;
82689;26/10/2018;0000;;37.8;;11.3;7.6;30;63.25;2.166667;
82689;26/10/2018;1200;0;;24.2;;;;;;
82689;27/10/2018;0000;;37;;11.2;7.2;30.4;57.5;3.3;
82689;27/10/2018;1200;0;;26;;;;;;
82689;28/10/2018;0000;;38;;11.1;6.9;30.66;52.25;3.333333;
82689;28/10/2018;1200;0;;24;;;;;;
82689;29/10/2018;0000;;37;;11.3;6.9;29.52;66;1.8;
82689;29/10/2018;1200;0;;22.2;;;;;;
82689;30/10/2018;0000;;36;;7.4;7.4;30.12;66;2.833333;
82689;30/10/2018;1200;0;;26.7;;;;;;
82689;31/10/2018;0000;;36.6;;10.7;5.8;29.98;49.75;3.566667;
82689;31/10/2018;1200;0;;25.5;;;;;;
82689;01/11/2018;0000;;35.6;;11.3;9;28.16;66.75;1.833333;
82689;01/11/2018;1200;0;;23;;;;;;
82689;02/11/2018;0000;;36.9;;11.2;5.7;29.4;67.5;2.2;
82689;02/11/2018;1200;0;;22.8;;;;;;
82689;03/11/2018;0000;;36.9;;11.2;6.7;29.56;65;2.433333;
82689;03/11/2018;1200;0;;23.9;;;;;;
82689;04/11/2018;0000;;37;;11;8.1;30.7;61.75;2.6;
82689;04/11/2018;1200;0;;25.6;;;;;;
82689;05/11/2018;0000;;37.8;;10.7;6.3;30.66;69.5;1.6;
82689;05/11/2018;1200;0;;24.3;;;;;;
82689;06/11/2018;0000;;36;;7.5;6.5;29.42;71;2.566667;
82689;06/11/2018;1200;1.5;;25.7;;;;;;
82689;07/11/2018;0000;;36.6;;11.1;6.3;30.2;55.75;3.466667;
82689;07/11/2018;1200;0.5;;24.6;;;;;;
82689;08/11/2018;0000;;36.8;;10.6;;30.46;48.5;4.933333;
82689;08/11/2018;1200;0;;23.5;;;;;;
82689;09/11/2018;0000;;37.7;;11.6;9.6;29.3;63.5;2.8;
82689;09/11/2018;1200;0;;22.9;;;;;;
82689;10/11/2018;0000;;37.4;;11.1;8.4;30.1;58.25;2.966667;
82689;10/11/2018;1200;0;;25;;;;;;
82689;11/11/2018;0000;;37.2;;11.4;8.2;30.12;60;2.7;
82689;11/11/2018;1200;0;;22.8;;;;;;
82689;12/11/2018;0000;;37.4;;11.3;8.4;29.62;64.25;2.866667;
82689;12/11/2018;1200;0;;23.9;;;;;;
82689;13/11/2018;0000;;37.8;;11.1;7.6;30.2;55.25;3.266667;
82689;13/11/2018;1200;0;;25.2;;;;;;
82689;14/11/2018;0000;;37.4;;10.9;;29.72;63.25;3.033333;
82689;14/11/2018;1200;0;;24.5;;;;;;
82689;15/11/2018;0000;;36.8;;11.2;9.5;29.82;57.25;2.966667;
82689;15/11/2018;1200;0;;24.5;;;;;;
82689;16/11/2018;0000;;36.8;;11;8.5;29.9;54.5;4.366667;
82689;16/11/2018;1200;0;;22.8;;;;;;
82689;17/11/2018;0000;;32.8;;11.5;8.8;30.5;53;3.233333;
82689;17/11/2018;1200;0;;24.2;;;;;;
82689;18/11/2018;0000;;38.2;;11.1;;30.8;45.25;3.233333;
82689;18/11/2018;1200;0;;23.6;;;;;;
82689;19/11/2018;0000;;37.5;;11.4;;30.42;59.5;4.033333;
82689;19/11/2018;1200;0;;22.4;;;;;;
82689;20/11/2018;0000;;36.8;;11;9.9;30.14;62.5;3.2;
82689;20/11/2018;1200;0;;24.8;;;;;;
82689;21/11/2018;0000;;37.8;;11.1;9.5;29.94;64.75;2.8;
82689;21/11/2018;1200;0;;24.2;;;;;;
82689;22/11/2018;0000;;37.6;;11;9.9;30.64;62.5;2.766667;
82689;22/11/2018;1200;0;;26;;;;;;
82689;23/11/2018;0000;;36.3;;9;8.9;30.62;58.75;3.633333;
82689;23/11/2018;1200;0;;24.2;;;;;;
82689;24/11/2018;0000;;35.8;;5.6;6.8;29.64;57.5;2.966667;
82689;24/11/2018;1200;1.5;;24.4;;;;;;
82689;25/11/2018;0000;;36.2;;7.2;7;28.5;63.25;4.033333;
82689;25/11/2018;1200;0;;23.8;;;;;;
82689;26/11/2018;0000;;35.6;;8.2;8;30.2;55.75;4.333333;
82689;26/11/2018;1200;0.3;;25.2;;;;;;
82689;27/11/2018;0000;;33;;0;6.6;27.08;72.5;2.266667;
82689;27/11/2018;1200;2.5;;23.8;;;;;;
82689;28/11/2018;0000;;37;;6.6;6;31.12;;3.766667;
82689;28/11/2018;1200;0;;25.3;;;;;;
82689;29/11/2018;0000;;36.8;;10.6;;30.06;59.5;2.366667;
82689;29/11/2018;1200;0;;24.2;;;;;;
82689;30/11/2018;0000;;37;;9.8;7.8;31;54.5;3.566667;
82689;30/11/2018;1200;0;;24.4;;;;;;
82689;01/12/2018;0000;;36.8;;10.8;;30.28;55.5;3.4296;
82689;01/12/2018;1200;0;;24.4;;;;;;
82689;02/12/2018;0000;;35.8;;6.8;;30.9;61;2.22924;
82689;02/12/2018;1200;0;;25.8;;;;;;
82689;03/12/2018;0000;;36.2;;6.4;;30.82;60.75;3.25812;
82689;03/12/2018;1200;0;;26.4;;;;;;
82689;04/12/2018;0000;;36.6;;8;;29.4;62.5;2.22924;
82689;04/12/2018;1200;0;;25.9;;;;;;
82689;05/12/2018;0000;;35.4;;3.1;;29.8;67.75;1.7148;
82689;05/12/2018;1200;0;;26.5;;;;;;
82689;06/12/2018;0000;;33.2;;6.6;;27.4;77.75;2.40072;
82689;06/12/2018;1200;17.8;;22.8;;;;;;
82689;07/12/2018;0000;;34.8;;8.6;;27.92;82.25;1.20036;
82689;07/12/2018;1200;39.3;;23;;;;;;
82689;08/12/2018;0000;;35.6;;10.3;;29.22;77.75;1.02888;
82689;08/12/2018;1200;4.5;;23.9;;;;;;
82689;09/12/2018;0000;;35.5;;10;;28.04;79.75;2.22924;
82689;09/12/2018;1200;0;;25.5;;;;;;
82689;10/12/2018;0000;;29.8;;2.3;;27.2;82.5;2.22924;
82689;10/12/2018;1200;7;;23.4;;;;;;
82689;11/12/2018;0000;;34.4;;11.1;;28.14;70;3.25812;
82689;11/12/2018;1200;2.4;;24.5;;;;;;
82689;12/12/2018;0000;;33.4;;10;;28.28;54.75;2.74368;
82689;12/12/2018;1200;0;;21.6;;;;;;
82689;13/12/2018;0000;;34.9;;11.7;;27.66;70.75;2.22924;
82689;13/12/2018;1200;0;;21.2;;;;;;
82689;14/12/2018;0000;;35.2;;11.4;;28.64;71.5;2.22924;
82689;14/12/2018;1200;0.9;;23.6;;;;;;
82689;15/12/2018;0000;;35;;11.4;;27.78;68.25;2.22924;
82689;15/12/2018;1200;0;;22.7;;;;;;
82689;16/12/2018;0000;;35;;10.7;;29.08;67.25;1.7148;
82689;16/12/2018;1200;0;;23.2;;;;;;
82689;17/12/2018;0000;;28.6;;7.7;;25.24;81;2.74368;
82689;17/12/2018;1200;0.5;;23.2;;;;;;
82689;18/12/2018;0000;;34.9;;5.3;;27.24;78.5;1.7148;
82689;18/12/2018;1200;26.9;;23.1;;;;;;
82689;19/12/2018;0000;;34.7;;11.7;;27.96;71.5;2.22924;
82689;19/12/2018;1200;0;;22.3;;;;;;
82689;20/12/2018;0000;;34;;11;;28.24;69;2.5722;
82689;20/12/2018;1200;0;;22.8;;;;;;
82689;21/12/2018;0000;;34.9;;11;;28.08;69.5;2.40072;
82689;21/12/2018;1200;0;;22.9;;;;;;
82689;22/12/2018;0000;;34.4;;8.2;;28.26;67.25;2.22924;
82689;22/12/2018;1200;0;;23.7;;;;;;
82689;23/12/2018;0000;;32.6;;4.7;;27.92;69.25;3.60108;
82689;23/12/2018;1200;1.2;;24.6;;;;;;
82689;24/12/2018;0000;;30;;3.2;;25.24;88.75;1.20036;
82689;24/12/2018;1200;31.3;;21.3;;;;;;
82689;25/12/2018;0000;;31.4;;9.1;;26.68;77.5;3.34386;
82689;25/12/2018;1200;0;;23.2;;;;;;
82689;26/12/2018;0000;;32.6;;11.7;;26.88;74.75;2.91516;
82689;26/12/2018;1200;0;;22.9;;;;;;
82689;27/12/2018;0000;;33;;11.6;;26.98;75.25;1.54332;
82689;27/12/2018;1200;0;;22.3;;;;;;
82689;28/12/2018;0000;;34.3;;11.1;;27.7;73;2.5722;
82689;28/12/2018;1200;0;;22.9;;;;;;
82689;29/12/2018;0000;;33.8;;8.8;;27.48;77.25;2.40072;
82689;29/12/2018;1200;0;;22.7;;;;;;
82689;30/12/2018;0000;;35.3;;8.3;;28.36;77.25;1.7148;
82689;30/12/2018;1200;0;;23.1;;;;;;
82689;31/12/2018;0000;;35;;11.6;;28.48;72.75;2.74368;
82689;31/12/2018;1200;0;;22.8;;;;;;
82689;01/01/2019;0000;;;;;;;;3.08664;
82689;01/01/2019;1200;0;;23.2;;;;;;
82689;02/01/2019;0000;;36.4;;11.6;;29.7;58;3.77256;
82689;02/01/2019;1200;0;;23.8;;;;;;
82689;03/01/2019;0000;;36.4;;11.8;;29.38;54.25;3.08664;
82689;03/01/2019;1200;0;;22.2;;;;;;
82689;04/01/2019;0000;;36.2;;10.2;;29.02;68;1.88628;
82689;04/01/2019;1200;0;;24.1;;;;;;
82689;05/01/2019;0000;;37;;10.1;;28.14;66.25;2.91516;
82689;05/01/2019;1200;0;;22.3;;;;;;
82689;06/01/2019;0000;;32.5;;1.2;;27.72;77.75;1.88628;
82689;06/01/2019;1200;0;;24.5;;;;;;
82689;07/01/2019;0000;;32;;2;;28.3;80.5;1.88628;
82689;07/01/2019;1200;0;;25;;;;;;
82689;08/01/2019;0000;;33.6;;4.6;;27.02;79;1.7148;
82689;08/01/2019;1200;0.4;;23.1;;;;;;
82689;09/01/2019;0000;;33.6;;5.5;;27.12;78;2.05776;
82689;09/01/2019;1200;0.2;;23;;;;;;
82689;10/01/2019;0000;;34.6;;6.6;;27.58;75;2.22924;
82689;10/01/2019;1200;3.9;;23.3;;;;;;
82689;11/01/2019;0000;;36.1;;11;;29.46;70.5;2.05776;
82689;11/01/2019;1200;0;;24;;;;;;
82689;12/01/2019;0000;;36.2;;10.9;;29.5;60.25;4.45848;
82689;12/01/2019;1200;0;;22.6;;;;;;
82689;13/01/2019;0000;;35;;9;;28.56;71.75;2.40072;
82689;13/01/2019;1200;7.7;;22.1;;;;;;
82689;14/01/2019;0000;;33.6;;6.1;;26.84;82.75;1.7148;
82689;14/01/2019;1200;7;;23.4;;;;;;
82689;15/01/2019;0000;;33.3;;6.9;;27.7;79;2.40072;
82689;15/01/2019;1200;6;;24.7;;;;;;
82689;16/01/2019;0000;;35;;8.8;;27.54;81.25;1.7148;
82689;16/01/2019;1200;0;;24.2;;;;;;
82689;17/01/2019;0000;;34.9;;8.8;;28.3;87.25;0.68592;
82689;17/01/2019;1200;4;;23.2;;;;;;
82689;18/01/2019;0000;;33.1;;7.9;;25.96;89.5;0.51444;
82689;18/01/2019;1200;45;;21.9;;;;;;
82689;19/01/2019;0000;;32.6;;10.3;;27.56;81.5;2.22924;
82689;19/01/2019;1200;0.8;;23;;;;;;
82689;20/01/2019;0000;;33.7;;11.1;;28.52;71.75;2.40072;
82689;20/01/2019;1200;0;;25;;;;;;
82689;21/01/2019;0000;;33.6;;11;;27.7;77;2.40072;
82689;21/01/2019;1200;0;;23.4;;;;;;
82689;22/01/2019;0000;;34;;11.4;;28.12;74.75;1.7148;
82689;22/01/2019;1200;0;;21.9;;;;;;
82689;23/01/2019;0000;;32.8;;8.1;;27.48;83;1.7148;
82689;23/01/2019;1200;6.1;;23.6;;;;;;
82689;24/01/2019;0000;;34.4;;11.3;;28.04;78;1.88628;
82689;24/01/2019;1200;0.3;;23;;;;;;
82689;25/01/2019;0000;;34.6;;8.9;;28.58;73.5;1.20036;
82689;25/01/2019;1200;0;;23.1;;;;;;
82689;26/01/2019;0000;;34.2;;8.7;;26.7;79.5;1.7148;
82689;26/01/2019;1200;8.8;;23.6;;;;;;
82689;27/01/2019;0000;;34;;11.3;;28.06;76.25;1.7148;
82689;27/01/2019;1200;0;;22.2;;;;;;
82689;28/01/2019;0000;;34.1;;8.1;;26.36;80.25;1.7148;
82689;28/01/2019;1200;0;;21.5;;;;;;
82689;29/01/2019;0000;;36;;11.4;;28.56;69.5;2.74368;
82689;29/01/2019;1200;0;;21;;;;;;
82689;30/01/2019;0000;;33.1;;10.4;;26.9;86.75;0.8574;
82689;30/01/2019;1200;19;;22;;;;;;
82689;31/01/2019;0000;;36;;10.3;;29.14;80;1.7148;
82689;31/01/2019;1200;0;;25.3;;;;;;
82689;01/02/2019;0000;;34.7;;9.5;;28.78;81;1.37184;
82689;01/02/2019;1200;0.2;;25.1;;;;;;
82689;02/02/2019;0000;;34.9;;10.3;;28.62;76.5;1.88628;
82689;02/02/2019;1200;0;;24;;;;;;
82689;03/02/2019;0000;;35.2;;9.6;;28.94;67.75;3.08664;
82689;03/02/2019;1200;0;;23.8;;;;;;
82689;04/02/2019;0000;;34.2;;9.3;;27.46;81.75;1.37184;
82689;04/02/2019;1200;25;;21.5;;;;;;
82689;05/02/2019;0000;;34.6;;10.1;;27;85;2.22924;
82689;05/02/2019;1200;0.7;;24.6;;;;;;
82689;06/02/2019;0000;;33.8;;8.8;;26.46;85.5;1.37184;
82689;06/02/2019;1200;5.8;;23.8;;;;;;
82689;07/02/2019;0000;;32.8;;7.9;;27.48;80.5;2.05776;
82689;07/02/2019;1200;1.7;;23.8;;;;;;
82689;08/02/2019;0000;;34.2;;11.3;;27.4;78;1.54332;
82689;08/02/2019;1200;0;;22.7;;;;;;
82689;09/02/2019;0000;;34.2;;11;;27.66;77;1.7148;
82689;09/02/2019;1200;0;;21.4;;;;;;
82689;10/02/2019;0000;;35.3;;10.2;;28.18;67;2.05776;
82689;10/02/2019;1200;0;;22.4;;;;;;
82689;11/02/2019;0000;;35.8;;11.6;;29.46;68.75;2.91516;
82689;11/02/2019;1200;0;;24.6;;;;;;
82689;12/02/2019;0000;;35.6;;9.4;;29.38;71.75;2.40072;
82689;12/02/2019;1200;0;;23.5;;;;;;
82689;13/02/2019;0000;;34;;4.4;;27.58;81.5;1.7148;
82689;13/02/2019;1200;0;;25.4;;;;;;
82689;14/02/2019;0000;;31.2;;4;;26.36;88.75;1.02888;
82689;14/02/2019;1200;2.7;;23.6;;;;;;
82689;15/02/2019;0000;;32.4;;4.9;;26.42;84.75;1.7148;
82689;15/02/2019;1200;9.6;;22.8;;;;;;
82689;16/02/2019;0000;;32.5;;3.9;;25.08;92;1.02888;
82689;16/02/2019;1200;74.2;;21.8;;;;;;
82689;17/02/2019;0000;;33.1;;7.2;;26.16;89.5;1.88628;
82689;17/02/2019;1200;2.8;;22.9;;;;;;
82689;18/02/2019;0000;;33.4;;8.9;;27.44;81.5;1.88628;
82689;18/02/2019;1200;12.7;;23.7;;;;;;
82689;19/02/2019;0000;;33.2;;9.8;;27.56;85.25;1.20036;
82689;19/02/2019;1200;0;;24.6;;;;;;
82689;20/02/2019;0000;;33.6;;9.9;;27.3;85;1.54332;
82689;20/02/2019;1200;2;;23.1;;;;;;
82689;21/02/2019;0000;;33.7;;10.4;;28.4;82.75;1.7148;
82689;21/02/2019;1200;0;;25;;;;;;
82689;22/02/2019;0000;;32;;4;;26.82;84.5;1.54332;
82689;22/02/2019;1200;0.4;;22.6;;;;;;
82689;23/02/2019;0000;;33.9;;6.6;;26.54;82;1.54332;
82689;23/02/2019;1200;0;;23.2;;;;;;
82689;24/02/2019;0000;;32.6;;8.1;;26.42;88.25;1.37184;
82689;24/02/2019;1200;20;;23.3;;;;;;
82689;25/02/2019;0000;;33;;8.2;;26.4;78.5;1.7148;
82689;25/02/2019;1200;0;;23.4;;;;;;
82689;26/02/2019;0000;;33.4;;9.3;;27.48;83.25;1.7148;
82689;26/02/2019;1200;0;;23.2;;;;;;
82689;27/02/2019;0000;;32.8;;7.2;;27.86;82.5;1.7148;
82689;27/02/2019;1200;0;;24.1;;;;;;
82689;28/02/2019;0000;;34;;10.7;;27.48;75.75;1.88628;
82689;28/02/2019;1200;0;;23.2;;;;;;
82689;01/03/2019;0000;;33.6;;8.8;;27.4;73;1.37184;
82689;01/03/2019;1200;0;;23;;;;;;
82689;02/03/2019;0000;;30;;1.4;;26.74;77.75;1.20036;
82689;02/03/2019;1200;0;;23.8;;;;;;
82689;03/03/2019;0000;;30.4;;4.4;;25.96;87.75;0.8574;
82689;03/03/2019;1200;3.9;;23.2;;;;;;
82689;04/03/2019;0000;;32.4;;5.7;;26.48;77.75;2.40072;
82689;04/03/2019;1200;0;;23.3;;;;;;
82689;05/03/2019;0000;;33;;6.7;;26.9;77.75;2.5722;
82689;05/03/2019;1200;6;;23.2;;;;;;
82689;06/03/2019;0000;;33.4;;10;;26.58;79.5;2.22924;
82689;06/03/2019;1200;0;;21.1;;;;;;
82689;07/03/2019;0000;;32.8;;7.4;;27.14;82.75;1.02888;
82689;07/03/2019;1200;0.9;;23.2;;;;;;
82689;08/03/2019;0000;;34.8;;10.6;;28.06;76;2.5722;
82689;08/03/2019;1200;0;;23.2;;;;;;
82689;09/03/2019;0000;;34.4;;10.9;;27.8;66.5;2.5722;
82689;09/03/2019;1200;0;;22;;;;;;
82689;10/03/2019;0000;;35.5;;10;;28.3;71.5;1.54332;
82689;10/03/2019;1200;0;;21.7;;;;;;
82689;11/03/2019;0000;;35.9;;10.1;;28.76;66.25;2.05776;
82689;11/03/2019;1200;0;;23.9;;;;;;
82689;12/03/2019;0000;;36;;8.5;;27.66;72.75;3.08664;
82689;12/03/2019;1200;0;;23.4;;;;;;
82689;13/03/2019;0000;;33.6;;6.1;;27.78;77.75;2.74368;
82689;13/03/2019;1200;1.7;;21.8;;;;;;
82689;14/03/2019;0000;;35.8;;8.2;;26.54;84.5;2.05776;
82689;14/03/2019;1200;0.7;;23.1;;;;;;
82689;15/03/2019;0000;;33.7;;8;;25.92;88.75;0.8574;
82689;15/03/2019;1200;54.9;;22.5;;;;;;
82689;16/03/2019;0000;;31.6;;7.8;;26.56;83.75;1.02888;
82689;16/03/2019;1200;13.4;;23;;;;;;
82689;17/03/2019;0000;;33.8;;10.5;;27.7;84.75;1.54332;
82689;17/03/2019;1200;0.1;;23.7;;;;;;
82689;18/03/2019;0000;;33.7;;9.3;;27.1;81.25;1.54332;
82689;18/03/2019;1200;0;;23.8;;;;;;
82689;19/03/2019;0000;;33.5;;7.5;;27.1;86.25;2.05776;
82689;19/03/2019;1200;0;;23.6;;;;;;
82689;20/03/2019;0000;;33.6;;6.8;;28.06;82.25;1.20036;
82689;20/03/2019;1200;0;;24.2;;;;;;
82689;21/03/2019;0000;;34;;7.4;;27.18;84.5;1.37184;
82689;21/03/2019;1200;0;;24.6;;;;;;
82689;22/03/2019;0000;;33.7;;9.4;;27.66;83.5;1.54332;
82689;22/03/2019;1200;0;;24.2;;;;;;
82689;23/03/2019;0000;;33.8;;7.9;;26.2;88.5;1.02888;
82689;23/03/2019;1200;10;;23.2;;;;;;
82689;24/03/2019;0000;;32;;5.4;;26.78;81.75;2.91516;
82689;24/03/2019;1200;21;;23;;;;;;
82689;25/03/2019;0000;;31.4;;9.2;;25.96;86.75;1.88628;
82689;25/03/2019;1200;27.4;;22;;;;;;
82689;26/03/2019;0000;;33;;10.2;;27.06;78;3.25812;
82689;26/03/2019;1200;0;;23.6;;;;;;
82689;27/03/2019;0000;;33.2;;8.8;;26.7;85;1.02888;
82689;27/03/2019;1200;0.2;;23.3;;;;;;
82689;28/03/2019;0000;;32.5;;8.6;;26.06;86;1.7148;
82689;28/03/2019;1200;9.3;;22.2;;;;;;
82689;29/03/2019;0000;;32.9;;7.2;;27.46;85;1.02888;
82689;29/03/2019;1200;0;;23.5;;;;;;
82689;30/03/2019;0000;;33.6;;8.1;;26.24;89.5;0.8574;
82689;30/03/2019;1200;0.3;;23.5;;;;;;
82689;31/03/2019;0000;;31.2;;6.8;;25.44;89;3.4296;
82689;31/03/2019;1200;94.2;;22.2;;;;;;
82689;01/04/2019;0000;;31.6;;8.8;;26.02;89.75;1.02888;
82689;01/04/2019;1200;0.8;;22.8;;;;;;
82689;02/04/2019;0000;;32.4;;10.2;;26.92;87.75;1.20036;
82689;02/04/2019;1200;0.6;;23;;;;;;
82689;03/04/2019;0000;;32;;8.5;;26.52;83.5;1.88628;
82689;03/04/2019;1200;60.4;;22.5;;;;;;
82689;04/04/2019;0000;;31.4;;9;;26.36;85.25;1.88628;
82689;04/04/2019;1200;9;;24.2;;;;;;
82689;05/04/2019;0000;;33;;9.8;;26.9;86;1.37184;
82689;05/04/2019;1200;0;;24.2;;;;;;
82689;06/04/2019;0000;;31.6;;7.3;;25.98;88.25;1.88628;
82689;06/04/2019;1200;0;;23.9;;;;;;
82689;07/04/2019;0000;;31.6;;9.8;;26.94;87.25;2.05776;
82689;07/04/2019;1200;4.5;;23.4;;;;;;
82689;08/04/2019;0000;;32.8;;10.8;;27.06;82;1.7148;
82689;08/04/2019;1200;0;;22.9;;;;;;
82689;09/04/2019;0000;;33;;8.6;;27.84;82;2.05776;
82689;09/04/2019;1200;0;;24.2;;;;;;
82689;10/04/2019;0000;;31.8;;10.7;;27.08;85.25;1.7148;
82689;10/04/2019;1200;27.4;;24.2;;;;;;
82689;11/04/2019;0000;;33;;7.7;;26.4;84;2.40072;
82689;11/04/2019;1200;1.6;;24.4;;;;;;
82689;12/04/2019;0000;;32.3;;8.7;;26.62;83.75;1.7148;
82689;12/04/2019;1200;0;;23.6;;;;;;
82689;13/04/2019;0000;;32.8;;9.8;;26.28;79.75;3.25812;
82689;13/04/2019;1200;0;;23.5;;;;;;
82689;14/04/2019;0000;;31.8;;10.2;;26.64;81;2.05776;
82689;14/04/2019;1200;6;;22.8;;;;;;
82689;15/04/2019;0000;;32.9;;9.9;;27.6;78.5;1.20036;
82689;15/04/2019;1200;0;;24.4;;;;;;
82689;16/04/2019;0000;;33;;9.1;;27.08;87.5;1.54332;
82689;16/04/2019;1200;0;;23.8;;;;;;
82689;17/04/2019;0000;;33.2;;10.3;;27.64;76.5;1.88628;
82689;17/04/2019;1200;0;;24.2;;;;;;
82689;18/04/2019;0000;;33.5;;10.8;;27.66;80.75;1.02888;
82689;18/04/2019;1200;0;;23.6;;;;;;
82689;19/04/2019;0000;;32.7;;7.2;;27.44;84;1.7148;
82689;19/04/2019;1200;0;;24.7;;;;;;
82689;20/04/2019;0000;;33.9;;8.7;;27.02;86;1.88628;
82689;20/04/2019;1200;0;;24.2;;;;;;
82689;21/04/2019;0000;;32.5;;8.7;;27.32;85;1.20036;
82689;21/04/2019;1200;5.9;;23.9;;;;;;
82689;22/04/2019;0000;;32.6;;11;;26.76;79;1.7148;
82689;22/04/2019;1200;0;;23.1;;;;;;
82689;23/04/2019;0000;;33;;10.4;;27.18;80.75;1.37184;
82689;23/04/2019;1200;0;;22.3;;;;;;
82689;24/04/2019;0000;;32;;9.1;;27.66;81.5;2.22924;
82689;24/04/2019;1200;3.9;;23.7;;;;;;
82689;25/04/2019;0000;;31.8;;6.7;;26.5;80.5;2.91516;
82689;25/04/2019;1200;2.1;;23.1;;;;;;
82689;26/04/2019;0000;;31.7;;6.8;;26.96;86.75;1.54332;
82689;26/04/2019;1200;0.8;;24;;;;;;
82689;27/04/2019;0000;;32.4;;9.5;;27.16;85.25;1.7148;
82689;27/04/2019;1200;7.6;;23.2;;;;;;
82689;28/04/2019;0000;;32.8;;9.2;;27.7;85;1.54332;
82689;28/04/2019;1200;0;;24.1;;;;;;
82689;29/04/2019;0000;;33.4;;7.5;;28.6;80.75;1.02888;
82689;29/04/2019;1200;0;;24.5;;;;;;
82689;30/04/2019;0000;;32.5;;9.6;;26.44;85.25;1.37184;
82689;30/04/2019;1200;9;;24.1;;;;;;
82689;01/05/2019;0000;;32.1;;9.2;;26.72;84.5;1.7148;
82689;01/05/2019;1200;2.4;;23.2;;;;;;
82689;02/05/2019;0000;;32.4;;10;;26.38;80.25;1.88628;
82689;02/05/2019;1200;0.2;;22.3;;;;;;
82689;03/05/2019;0000;;32.6;;10.8;;26.28;82.5;1.37184;
82689;03/05/2019;1200;0;;22.4;;;;;;
82689;04/05/2019;0000;;32;;10.7;;25.82;75.5;3.25812;
82689;04/05/2019;1200;0;;19.3;;;;;;
82689;05/05/2019;0000;;32.2;;9.9;;26.52;74;2.74368;
82689;05/05/2019;1200;0;;20.1;;;;;;
82689;06/05/2019;0000;;32.6;;9;;26.12;81.75;1.20036;
82689;06/05/2019;1200;0;;22.2;;;;;;
82689;07/05/2019;0000;;33.1;;7.9;;26.44;76.75;1.88628;
82689;07/05/2019;1200;0;;19.8;;;;;;
82689;08/05/2019;0000;;32.3;;4.3;;26.08;91.75;1.37184;
82689;08/05/2019;1200;0;;23.4;;;;;;
82689;09/05/2019;0000;;32.3;;9.1;;27.38;78.25;2.22924;
82689;09/05/2019;1200;27.4;;23;;;;;;
82689;10/05/2019;0000;;35.4;;8.7;;27.62;86;1.54332;
82689;10/05/2019;1200;0.7;;22.6;;;;;;
82689;11/05/2019;0000;;31.6;;6.5;;26.62;85.5;1.54332;
82689;11/05/2019;1200;0;;22.9;;;;;;
82689;12/05/2019;0000;;30.2;;1.5;;25.66;86;1.54332;
82689;12/05/2019;1200;0;;22.9;;;;;;
82689;13/05/2019;0000;;30.8;;4.4;;25.16;84.75;1.02888;
82689;13/05/2019;1200;0;;21.5;;;;;;
82689;14/05/2019;0000;;33.8;;10.5;;27.76;78.25;1.37184;
82689;14/05/2019;1200;0;;23.2;;;;;;
82689;15/05/2019;0000;;30.8;;3.3;;25.42;93.75;0.51444;
82689;15/05/2019;1200;1.1;;23.1;;;;;;
82689;16/05/2019;0000;;32;;5.8;;25.9;91.25;1.02888;
82689;16/05/2019;1200;0;;22.3;;;;;;
82689;17/05/2019;0000;;32;;5;;26.64;87.5;1.88628;
82689;17/05/2019;1200;0.1;;23.4;;;;;;
82689;18/05/2019;0000;;31.6;;6.9;;26.24;87.75;1.37184;
82689;18/05/2019;1200;114.4;;22.2;;;;;;
82689;19/05/2019;0000;;32.2;;10.4;;27.14;72.5;2.05776;
82689;19/05/2019;1200;0;;22.7;;;;;;
82689;20/05/2019;0000;;30.6;;6.5;;26.82;84.75;1.7148;
82689;20/05/2019;1200;0;;23.5;;;;;;
82689;21/05/2019;0000;;30.2;;5;;25.96;83.75;1.7148;
82689;21/05/2019;1200;0;;23.8;;;;;;
82689;22/05/2019;0000;;31.6;;9.9;;26.08;82.75;2.22924;
82689;22/05/2019;1200;1;;22.3;;;;;;
82689;23/05/2019;0000;;32.5;;9;;26.26;89.75;0.68592;
82689;23/05/2019;1200;0.3;;22.4;;;;;;
82689;24/05/2019;0000;;32.4;;9.9;;26.4;82.75;0.8574;
82689;24/05/2019;1200;4.8;;22.8;;;;;;
82689;25/05/2019;0000;;32.8;;10.2;;26.58;86.5;1.88628;
82689;25/05/2019;1200;0.2;;23.9;;;;;;
82689;26/05/2019;0000;;32.4;;10.1;;26.34;82.5;2.22924;
82689;26/05/2019;1200;0;;22.3;;;;;;
82689;27/05/2019;0000;;31.4;;10.1;;26.2;84;1.88628;
82689;27/05/2019;1200;0;;22.2;;;;;;
82689;28/05/2019;0000;;32.3;;10.1;;25.98;80.75;2.40072;
82689;28/05/2019;1200;0;;20.2;;;;;;
82689;29/05/2019;0000;;32.3;;10.1;;26.16;83.25;1.88628;
82689;29/05/2019;1200;0;;21.4;;;;;;
82689;30/05/2019;0000;;33.8;;10.5;;26.76;82.25;1.37184;
82689;30/05/2019;1200;0;;22;;;;;;
82689;31/05/2019;0000;;32.8;;10.3;;26.12;77;2.5722;
82689;31/05/2019;1200;0;;22.5;;;;;;
82689;01/06/2019;0000;;33;;10.5;;25.84;81.25;1.88628;
82689;01/06/2019;1200;0;;21.2;;;;;;
82689;02/06/2019;0000;;32.4;;9.6;;25.68;82;1.7148;
82689;02/06/2019;1200;0;;20.8;;;;;;
82689;03/06/2019;0000;;32.8;;10.4;;24.4;76.75;1.54332;
82689;03/06/2019;1200;0;;19.8;;;;;;
82689;04/06/2019;0000;;32.2;;10.1;;24.36;83.5;2.5722;
82689;04/06/2019;1200;0;;18;;;;;;
82689;05/06/2019;0000;;32.8;;9.9;;26.04;77;0.8574;
82689;05/06/2019;1200;0;;24;;;;;;
82689;06/06/2019;0000;;33;;10.6;;27.28;77.25;2.22924;
82689;06/06/2019;1200;0;;22.4;;;;;;
82689;07/06/2019;0000;;33.4;;10;;25.24;75.25;1.7148;
82689;07/06/2019;1200;0;;17.3;;;;;;
82689;08/06/2019;0000;;32.6;;9.6;;25.74;73.5;2.40072;
82689;08/06/2019;1200;0;;18.1;;;;;;
82689;09/06/2019;0000;;33.4;;9;;27.9;73.5;1.88628;
82689;09/06/2019;1200;0;;22.4;;;;;;
82689;10/06/2019;0000;;32.2;;6.7;;27.16;67.25;3.08664;
82689;10/06/2019;1200;0;;19.8;;;;;;
82689;11/06/2019;0000;;32.5;;6.5;;26.9;74.25;2.5722;
82689;11/06/2019;1200;0;;22.3;;;;;;
82689;12/06/2019;0000;;33;;5.6;;27.84;73.5;2.05776;
82689;12/06/2019;1200;0;;23.6;;;;;;
82689;13/06/2019;0000;;31.5;;2.8;;26.1;85.5;1.88628;
82689;13/06/2019;1200;0;;24.6;;;;;;
82689;14/06/2019;0000;;31.6;;4.8;;26.82;69.25;3.60108;
82689;14/06/2019;1200;1.2;;23;;;;;;
82689;15/06/2019;0000;;32.6;;6.2;;27.54;76.75;2.74368;
82689;15/06/2019;1200;0;;24.5;;;;;;
82689;16/06/2019;0000;;30.6;;3.4;;26.82;76.25;2.05776;
82689;16/06/2019;1200;0;;24.7;;;;;;
82689;17/06/2019;0000;;30.2;;2.2;;26.12;79.75;2.74368;
82689;17/06/2019;1200;0;;24.8;;;;;;
82689;18/06/2019;0000;;;;;;;;2.05776;
82689;18/06/2019;1200;4.9;;22.5;;;;;;
82689;19/06/2019;0000;;32;;10.1;;25.66;75.5;3.08664;
82689;19/06/2019;1200;0.7;;21.3;;;;;;
82689;20/06/2019;0000;;32.9;;10.2;;26.4;73;1.88628;
82689;20/06/2019;1200;0;;21.6;;;;;;
82689;21/06/2019;0000;;32.8;;10.5;;26.14;68.75;3.25812;
82689;21/06/2019;1200;0;;19.3;;;;;;
82689;22/06/2019;0000;;32.3;;10.5;;26.8;72;3.25812;
82689;22/06/2019;1200;0;;20.8;;;;;;
82689;23/06/2019;0000;;35.6;;10;;27.68;70.5;2.74368;
82689;23/06/2019;1200;0;;21.2;;;;;;
82689;24/06/2019;0000;;34;;10.2;;26.54;71.25;2.74368;
82689;24/06/2019;1200;0;;18.7;;;;;;
82689;25/06/2019;0000;;33.5;;10;;25.32;74.5;1.7148;
82689;25/06/2019;1200;0;;19.1;;;;;;
82689;26/06/2019;0000;;34.6;;10.1;;27.2;66.75;2.40072;
82689;26/06/2019;1200;0;;22.8;;;;;;
82689;27/06/2019;0000;;32.4;;8.1;;26.04;71.75;2.5722;
82689;27/06/2019;1200;0;;20;;;;;;
82689;28/06/2019;0000;;33;;10.6;;26.72;59.75;3.60108;
82689;28/06/2019;1200;0.6;;22;;;;;;
82689;29/06/2019;0000;;30;;0.6;;24.96;86;1.37184;
82689;29/06/2019;1200;0;;20.4;;;;;;
82689;30/06/2019;0000;;30.6;;4.1;;25.7;81.5;2.22924;
82689;30/06/2019;1200;0.1;;19.1;;;;;;
82689;01/07/2019;0000;;32.2;;7.9;;25.54;75.75;2.5722;
82689;01/07/2019;1200;0;;19.9;;;;;;
82689;02/07/2019;0000;;34.6;;10.3;;26.52;68.75;2.74368;
82689;02/07/2019;1200;0.2;;21.4;;;;;;
82689;03/07/2019;0000;;32.5;;4.7;;27.12;70.75;1.54332;
82689;03/07/2019;1200;0;;22.3;;;;;;
82689;04/07/2019;0000;;34.6;;9.2;;26.48;76.75;1.7148;
82689;04/07/2019;1200;0;;22.5;;;;;;
82689;05/07/2019;0000;;35.8;;10.5;;26.56;76.5;2.40072;
82689;05/07/2019;1200;0;;20.4;;;;;;
82689;06/07/2019;0000;;35.1;;10.3;;27.2;74.75;2.5722;
82689;06/07/2019;1200;0;;24.5;;;;;;
82689;07/07/2019;0000;;35.4;;9.4;;27.88;72.5;1.37184;
82689;07/07/2019;1200;0;;23.4;;;;;;
82689;08/07/2019;0000;;31;;5;;26.28;70.25;2.91516;
82689;08/07/2019;1200;0;;22.9;;;;;;
82689;09/07/2019;0000;;32.7;;9.9;;26.66;71.75;3.4296;
82689;09/07/2019;1200;0;;21.3;;;;;;
82689;10/07/2019;0000;;32.5;;10.6;;26.9;71.75;3.60108;
82689;10/07/2019;1200;0;;20.8;;;;;;
82689;11/07/2019;0000;;32.4;;7.5;;27;67.75;2.74368;
82689;11/07/2019;1200;0;;23.8;;;;;;
82689;12/07/2019;0000;;33.8;;10.2;;26.2;70.25;2.5722;
82689;12/07/2019;1200;0.3;;22.2;;;;;;
82689;13/07/2019;0000;;32.9;;8.6;;26.28;63.5;3.25812;
82689;13/07/2019;1200;0;;19.3;;;;;;
82689;14/07/2019;0000;;33;;9.3;;27.54;74.5;2.74368;
82689;14/07/2019;1200;0;;22.9;;;;;;
82689;15/07/2019;0000;;;;;;;;3.34386;
82689;15/07/2019;1200;0;;21.8;;;;;;
82689;16/07/2019;1200;0;;;;;;;;
82689;17/07/2019;1200;0;;;;;;;;
82689;18/07/2019;1200;0;;;;;;;;
82689;19/07/2019;1200;0;;;;;;;;
82689;20/07/2019;1200;0;;;;;;;;
82689;21/07/2019;1200;17.8;;;;;;;;
82689;22/07/2019;0000;;30.6;;6.8;;;77;2.31498;
82689;22/07/2019;1200;0;;;;;;;;
82689;23/07/2019;0000;;30.4;;4.5;;25.34;76.5;2.22924;
82689;23/07/2019;1200;1.4;;21.7;;;;;;
82689;24/07/2019;0000;;31.8;;7.3;;;83;3.08664;
82689;24/07/2019;1200;0;;;;;;;;
82689;25/07/2019;0000;;31.8;;9.3;;26.64;59.75;3.77256;
82689;25/07/2019;1200;1.1;;20.6;;;;;;
82689;26/07/2019;0000;;30.3;;5.7;;26.32;61.5;3.77256;
82689;26/07/2019;1200;0;;22.6;;;;;;
82689;27/07/2019;0000;;31;;7.8;;26.38;67.25;3.25812;
82689;27/07/2019;1200;1.6;;21.1;;;;;;
82689;28/07/2019;0000;;32.4;;7.8;;27.2;60.75;3.4296;
82689;28/07/2019;1200;0.3;;23.2;;;;;;
82689;29/07/2019;0000;;32;;9.6;;25.84;71.25;3.08664;
82689;29/07/2019;1200;0;;21.4;;;;;;
82689;30/07/2019;0000;;33;;10.8;;25.74;65.75;1.88628;
82689;30/07/2019;1200;0;;19.1;;;;;;
82689;31/07/2019;0000;;33.6;;10.4;;27.24;60.25;2.22924;
82689;31/07/2019;1200;0;;23.4;;;;;;
82689;01/08/2019;0000;;33.6;;10.9;;27.24;58.75;3.4296;
82689;01/08/2019;1200;0;;19.6;;;;;;
82689;02/08/2019;0000;;32.5;;7.2;;25.82;72.25;2.5722;
82689;02/08/2019;1200;0;;21.6;;;;;;
82689;03/08/2019;0000;;33.8;;11.2;;27.1;52;3.60108;
82689;03/08/2019;1200;1.3;;21.5;;;;;;
82689;04/08/2019;0000;;32.8;;10.7;;26.9;53;4.11552;
82689;04/08/2019;1200;0;;20.2;;;;;;
82689;05/08/2019;0000;;32.2;;8.3;;26.66;58;4.287;
82689;05/08/2019;1200;0;;22;;;;;;
82689;06/08/2019;0000;;32.6;;7.9;;26.36;58;4.45848;
82689;06/08/2019;1200;0;;22.4;;;;;;
82689;07/08/2019;0000;;33.2;;10.9;;26.44;54.25;2.5722;
82689;07/08/2019;1200;0;;20.4;;;;;;
82689;08/08/2019;0000;;34;;7.5;;25.46;70.5;3.08664;
82689;08/08/2019;1200;0;;20.7;;;;;;
82689;09/08/2019;0000;;33.6;;11.1;;26.26;66.25;4.45848;
82689;09/08/2019;1200;1.9;;20.9;;;;;;
82689;10/08/2019;0000;;29.8;;;;24.44;55.25;3.4296;
82689;10/08/2019;1200;0;;15.8;;;;;;
82689;11/08/2019;0000;;35.2;;11.2;;27.44;51.5;3.60108;
82689;11/08/2019;1200;0;;17.6;;;;;;
82689;12/08/2019;0000;;34.6;;10.8;;27.12;56.75;4.45848;
82689;12/08/2019;1200;0;;21.8;;;;;;
82689;13/08/2019;0000;;34.5;;11.1;;26.7;65.25;2.74368;
82689;13/08/2019;1200;0;;19.1;;;;;;
82689;14/08/2019;0000;;34.8;;10.1;;28.72;52.5;3.94404;
82689;14/08/2019;1200;0;;23.6;;;;;;
82689;15/08/2019;0000;;33;;9.4;;27.1;57.75;4.287;
82689;15/08/2019;1200;2.6;;22.2;;;;;;
82689;16/08/2019;0000;;31.4;;6.5;;26.42;59.75;3.4296;
82689;16/08/2019;1200;0;;21;;;;;;
82689;17/08/2019;0000;;33.4;;8.1;;27.52;54.75;4.97292;
82689;17/08/2019;1200;0;;22.6;;;;;;
82689;18/08/2019;0000;;33.6;;10.2;;25.74;59;3.25812;
82689;18/08/2019;1200;0;;18.1;;;;;;
82689;19/08/2019;0000;;34.6;;10.9;;26.78;56.75;2.5722;
82689;19/08/2019;1200;0.2;;20.1;;;;;;
82689;20/08/2019;0000;;35.5;;10.8;;27.78;48.5;2.91516;
82689;20/08/2019;1200;0;;20.6;;;;;;
82689;21/08/2019;0000;;36;;10.9;;27.52;47;3.25812;
82689;21/08/2019;1200;0;;19.2;;;;;;
82689;22/08/2019;0000;;36;;11;;27.96;49.75;3.08664;
82689;22/08/2019;1200;0;;18.2;;;;;;
82689;23/08/2019;0000;;34.5;;10.3;;28.22;58.25;3.4296;
82689;23/08/2019;1200;0;;22.4;;;;;;
82689;24/08/2019;0000;;34.8;;10.8;;27.56;47;4.80144;
82689;24/08/2019;1200;0;;19.3;;;;;;
82689;25/08/2019;0000;;33.3;;10.3;;27.32;50.75;4.11552;
82689;25/08/2019;1200;0;;20.3;;;;;;
82689;26/08/2019;0000;;34.1;;9.8;;28.28;47;4.11552;
82689;26/08/2019;1200;0;;21.7;;;;;;
82689;27/08/2019;0000;;32;;7.6;;27.64;51.5;4.45848;
82689;27/08/2019;1200;0;;22.5;;;;;;
82689;28/08/2019;0000;;34.1;;11.2;;27.34;48.25;3.4296;
82689;28/08/2019;1200;0;;20.2;;;;;;
82689;29/08/2019;0000;;34.8;;11.4;;25.56;61.5;2.74368;
82689;29/08/2019;1200;0;;18.4;;;;;;
82689;30/08/2019;0000;;35.6;;11.2;;27.78;57.75;3.08664;
82689;30/08/2019;1200;0;;21.3;;;;;;
82689;31/08/2019;0000;;34.8;;10.6;;28.2;60;3.4296;
82689;31/08/2019;1200;0;;21.4;;;;;;
82689;01/09/2019;0000;;35.6;;10.7;;27.16;65.75;2.22924;
82689;01/09/2019;1200;0;;19.6;;;;;;
82689;02/09/2019;0000;;35.8;;10.1;;29.04;53.5;3.4296;
82689;02/09/2019;1200;0;;22.8;;;;;;
82689;03/09/2019;0000;;34.6;;6.1;;28.1;58.25;2.91516;
82689;03/09/2019;1200;0;;22.2;;;;;;
82689;04/09/2019;0000;;36;;11;;28.36;58;2.74368;
82689;04/09/2019;1200;0;;21.6;;;;;;
82689;05/09/2019;0000;;36.4;;7.3;;30.3;56.75;2.5722;
82689;05/09/2019;1200;0;;24;;;;;;
82689;06/09/2019;0000;;35.6;;9.4;;29.04;49.5;2.74368;
82689;06/09/2019;1200;0;;23.4;;;;;;
82689;07/09/2019;0000;;36.2;;9.8;;29.5;45.25;4.97292;
82689;07/09/2019;1200;0;;22;;;;;;
82689;08/09/2019;0000;;34.6;;10.8;;28.38;49;4.287;
82689;08/09/2019;1200;0;;22.9;;;;;;
82689;09/09/2019;0000;;35.6;;10.6;;28.26;49.5;3.77256;
82689;09/09/2019;1200;0;;22.1;;;;;;
82689;10/09/2019;0000;;35;;10.8;;27.94;51.5;3.25812;
82689;10/09/2019;1200;0;;20.5;;;;;;
82689;11/09/2019;0000;;36;;11;;28.7;43.25;3.94404;
82689;11/09/2019;1200;0;;20.8;;;;;;
82689;12/09/2019;0000;;36.6;;10;;29.38;52.75;3.08664;
82689;12/09/2019;1200;0;;24.3;;;;;;
82689;13/09/2019;0000;;35.6;;10.7;;27.96;55.75;2.5722;
82689;13/09/2019;1200;0;;20.8;;;;;;
82689;14/09/2019;0000;;37.2;;10.6;;28.58;67.25;1.54332;
82689;14/09/2019;1200;0;;22.7;;;;;;
82689;15/09/2019;0000;;37.2;;10.8;;29.56;45;3.25812;
82689;15/09/2019;1200;0;;22.5;;;;;;
82689;16/09/2019;0000;;34.5;;10.4;;28.54;46;3.77256;
82689;16/09/2019;1200;0;;20.3;;;;;;
82689;17/09/2019;0000;;34.6;;10.9;;27.92;65.5;2.40072;
82689;17/09/2019;1200;0;;21.4;;;;;;
82689;18/09/2019;0000;;35.1;;6;;28;61.5;3.94404;
82689;18/09/2019;1200;0;;24.9;;;;;;
82689;19/09/2019;0000;;36.8;;11;;29.46;42.25;3.4296;
82689;19/09/2019;1200;0;;21.9;;;;;;
82689;20/09/2019;0000;;36.1;;11.2;;;41.75;3.94404;
82689;20/09/2019;1200;0;;;;;;;;
82689;21/09/2019;0000;;36.8;;11.1;;28.14;67;2.74368;
82689;21/09/2019;1200;0;;21.1;;;;;;
82689;22/09/2019;0000;;36.4;;10.8;;28.92;61.25;1.7148;
82689;22/09/2019;1200;0;;23.4;;;;;;
82689;23/09/2019;0000;;37;;11.1;;28.06;62;3.25812;
82689;23/09/2019;1200;0;;22.3;;;;;;
82689;24/09/2019;0000;;36;;10.8;;29.14;61.75;2.74368;
82689;24/09/2019;1200;0.7;;24.1;;;;;;
82689;25/09/2019;0000;;36.8;;11.1;;28.08;60.5;2.05776;
82689;25/09/2019;1200;0;;23.3;;;;;;
82689;26/09/2019;0000;;36.4;;10.9;;28.54;53.25;2.05776;
82689;26/09/2019;1200;0;;21.8;;;;;;
82689;27/09/2019;0000;;36.9;;10.9;;28.38;66;2.40072;
82689;27/09/2019;1200;0;;22.2;;;;;;
82689;28/09/2019;0000;;37.7;;11;;28.58;62;3.08664;
82689;28/09/2019;1200;0;;22.6;;;;;;
82689;29/09/2019;0000;;36.6;;10.5;;29.28;64;2.22924;
82689;29/09/2019;1200;0;;25.3;;;;;;
82689;30/09/2019;0000;;37;;11;;28.96;62.75;2.22924;
82689;30/09/2019;1200;0;;23.2;;;;;;
82689;01/10/2019;0000;;36.8;;10.4;;29.56;60.75;2.5722;
82689;01/10/2019;1200;0;;23.8;;;;;;
82689;02/10/2019;0000;;35.4;;9.9;;28.44;66.25;2.74368;
82689;02/10/2019;1200;0;;25;;;;;;
82689;03/10/2019;0000;;37;;10.9;;28.86;48.75;2.74368;
82689;03/10/2019;1200;0;;21.5;;;;;;
82689;04/10/2019;0000;;37;;10.7;;30.68;40.5;4.287;
82689;04/10/2019;1200;0;;23.7;;;;;;
82689;05/10/2019;0000;;36.8;;10.9;;28.28;60.75;2.5722;
82689;05/10/2019;1200;0;;20.2;;;;;;
82689;06/10/2019;0000;;37.6;;10.6;;29.28;68.25;1.7148;
82689;06/10/2019;1200;0;;22.7;;;;;;
82689;07/10/2019;0000;;37.2;;11.2;;29.28;64.25;2.22924;
82689;07/10/2019;1200;0.2;;22.8;;;;;;
82689;08/10/2019;0000;;36.5;;10.8;;28.28;48.25;3.94404;
82689;08/10/2019;1200;0;;22.2;;;;;;