Estacao;Data;Hora;Precipitacao;TempMaxima;TempMinima;Insolacao;Temp Comp Media;Umidade Relativa Media;Velocidade do Vento Media;
83288;01/01/2018;0000;;38.6;;9.6;30.12;57.5;0.8574;
83288;01/01/2018;1200;0;;24.7;;;;;
83288;02/01/2018;0000;;31.5;;0.1;27.04;74.75;0.51444;
83288;02/01/2018;1200;0;;25.2;;;;;
83288;03/01/2018;0000;;31.9;;1.2;26.44;78;0.34296;
83288;03/01/2018;1200;2.2;;23.6;;;;;
83288;04/01/2018;0000;;34.1;;5;27.4;67;0.8574;
83288;04/01/2018;1200;0;;23.2;;;;;
83288;05/01/2018;0000;;33.3;;7.4;26.16;81;0.51444;
83288;05/01/2018;1200;28.6;;21.8;;;;;
83288;06/01/2018;0000;;32.9;;8.1;26.28;74.25;0.8574;
83288;06/01/2018;1200;1.4;;22.4;;;;;
83288;07/01/2018;0000;;33.9;;8.7;26.72;63;0.51444;
83288;07/01/2018;1200;0;;20.8;;;;;
83288;08/01/2018;0000;;34.1;;8.9;27.92;50;0.8574;
83288;08/01/2018;1200;0;;22.2;;;;;
83288;09/01/2018;0000;;35.6;;10.9;29;46;1.2861;
83288;09/01/2018;1200;0;;22.5;;;;;
83288;10/01/2018;0000;;35.1;;8.3;26.56;64.75;1.02888;
83288;10/01/2018;1200;0;;22.7;;;;;
83288;11/01/2018;0000;;34.3;;11.6;27.48;54;1.37184;
83288;11/01/2018;1200;7;;21.6;;;;;
83288;12/01/2018;0000;;35.3;;11;28.6;54;0.51444;
83288;12/01/2018;1200;0;;21.8;;;;;
83288;13/01/2018;0000;;35.7;;9.4;27.92;65.75;0.68592;
83288;13/01/2018;1200;0;;23.4;;;;;
83288;14/01/2018;0000;;32.2;;7.8;27.3;48.75;0.68592;
83288;14/01/2018;1200;0.9;;22.2;;;;;
83288;15/01/2018;0000;;37.5;;9.2;30.22;55.25;0.68592;
83288;15/01/2018;1200;0;;23.8;;;;;
83288;16/01/2018;0000;;36.9;;11.5;29.28;40;1.02888;
83288;16/01/2018;1200;0;;23;;;;;
83288;17/01/2018;0000;;35.5;;11;28.7;44.5;1.02888;
83288;17/01/2018;1200;0;;22.2;;;;;
83288;18/01/2018;0000;;36.3;;8.8;29.12;46.5;1.02888;
83288;18/01/2018;1200;0;;22;;;;;
83288;19/01/2018;0000;;35.9;;7.8;30.08;45.5;1.20036;
83288;19/01/2018;1200;0;;24.4;;;;;
83288;20/01/2018;0000;;37.5;;10;30.56;42;0.51444;
83288;20/01/2018;1200;0;;24;;;;;
83288;21/01/2018;0000;;37.3;;8.9;;38.5;0.51444;
83288;21/01/2018;1200;0;;;;;;;
83288;22/01/2018;0000;;37.9;;9.5;30.64;39;0.8574;
83288;22/01/2018;1200;0;;24.2;;;;;
83288;23/01/2018;0000;;38.1;;10.1;30.88;39.75;1.37184;
83288;23/01/2018;1200;0;;24;;;;;
83288;24/01/2018;0000;;38.1;;11.2;30.64;43;0.8574;
83288;24/01/2018;1200;0;;23.6;;;;;
83288;25/01/2018;0000;;35.5;;7.8;28.76;57;1.37184;
83288;25/01/2018;1200;0;;24.2;;;;;
83288;26/01/2018;0000;;28.7;;0.9;24.44;80;0.8574;
83288;26/01/2018;1200;21;;21.6;;;;;
83288;27/01/2018;0000;;32;;5.9;25.8;79;0.8574;
83288;27/01/2018;1200;1;;22;;;;;
83288;28/01/2018;0000;;34.3;;8.6;27.56;67.5;0.17148;
83288;28/01/2018;1200;10;;22.6;;;;;
83288;29/01/2018;0000;;34.6;;10.6;27.62;70.5;0.68592;
83288;29/01/2018;1200;6.9;;22.2;;;;;
83288;30/01/2018;0000;;34.3;;5.6;28.58;68;0.51444;
83288;30/01/2018;1200;0;;24.2;;;;;
83288;31/01/2018;0000;;28.9;;0;24;91.25;1.20036;
83288;31/01/2018;1200;7.8;;20.8;;;;;
83288;01/02/2018;0000;;26.5;;0;23.4;91.5;0.51444;
83288;01/02/2018;1200;45;;20.2;;;;;
83288;02/02/2018;0000;;33.5;;8.3;27.14;71.75;0.34296;
83288;02/02/2018;1200;0;;21.4;;;;;
83288;03/02/2018;0000;;27.3;;0;23.28;95.5;0.8574;
83288;03/02/2018;1200;29;;22;;;;;
83288;04/02/2018;0000;;26.7;;0.1;23.2;94.75;0.51444;
83288;04/02/2018;1200;66;;21.6;;;;;
83288;05/02/2018;0000;;27.7;;1.8;24.12;80.5;0.8574;
83288;05/02/2018;1200;24.2;;21.4;;;;;
83288;06/02/2018;0000;;31.1;;5.4;26.12;78.5;1.20036;
83288;06/02/2018;1200;0;;22.4;;;;;
83288;07/02/2018;0000;;30.1;;3.4;25.78;78.75;0.8574;
83288;07/02/2018;1200;0;;23.1;;;;;
83288;08/02/2018;0000;;33.7;;10.3;27.24;72.75;0.34296;
83288;08/02/2018;1200;0;;22.6;;;;;
83288;09/02/2018;0000;;30.7;;3.5;25.68;88.25;0.8574;
83288;09/02/2018;1200;0;;23.2;;;;;
83288;10/02/2018;0000;;32.3;;6.8;26.92;71.25;1.54332;
83288;10/02/2018;1200;2;;21.8;;;;;
83288;11/02/2018;0000;;32.1;;9.2;27.08;66;0.68592;
83288;11/02/2018;1200;0;;22.4;;;;;
83288;12/02/2018;0000;;32.9;;11;27.58;56.5;1.02888;
83288;12/02/2018;1200;0;;21.6;;;;;
83288;13/02/2018;0000;;33.3;;11;27;63.25;0.8574;
83288;13/02/2018;1200;0;;21.4;;;;;
83288;14/02/2018;0000;;33.1;;11;27.28;56.25;2.05776;
83288;14/02/2018;1200;0;;21.6;;;;;
83288;15/02/2018;0000;;31.9;;10.6;26.88;62.5;1.37184;
83288;15/02/2018;1200;0;;22;;;;;
83288;16/02/2018;0000;;32.3;;8.2;26.6;67.5;1.88628;
83288;16/02/2018;1200;0;;21.4;;;;;
83288;17/02/2018;0000;;31.9;;9.8;26.48;64.25;1.02888;
83288;17/02/2018;1200;0;;22;;;;;
83288;18/02/2018;0000;;32.9;;8.3;27.84;65.25;0.68592;
83288;18/02/2018;1200;0;;22;;;;;
83288;19/02/2018;0000;;33.5;;8.6;28.6;64;1.02888;
83288;19/02/2018;1200;0;;24.4;;;;;
83288;20/02/2018;0000;;32.5;;6.1;27.62;72.5;1.20036;
83288;20/02/2018;1200;0;;23.8;;;;;
83288;21/02/2018;0000;;34.1;;9.3;28.34;67.75;1.02888;
83288;21/02/2018;1200;0.5;;24.4;;;;;
83288;22/02/2018;0000;;29.9;;1.3;26.04;77.5;1.54332;
83288;22/02/2018;1200;2.6;;23.2;;;;;
83288;23/02/2018;0000;;32.1;;6;25.76;75.75;0.51444;
83288;23/02/2018;1200;0.6;;22.4;;;;;
83288;24/02/2018;0000;;32.9;;8.5;27.08;71.25;1.02888;
83288;24/02/2018;1200;0;;21.6;;;;;
83288;25/02/2018;0000;;34.3;;8;26.48;76.25;1.7148;
83288;25/02/2018;1200;0;;22.4;;;;;
83288;26/02/2018;0000;;32.7;;8;27.64;71;0.51444;
83288;26/02/2018;1200;0.3;;23.2;;;;;
83288;27/02/2018;0000;;33.5;;10.3;27.68;64;1.02888;
83288;27/02/2018;1200;0;;21.4;;;;;
83288;28/02/2018;0000;;34.7;;10.7;28.76;59.25;1.20036;
83288;28/02/2018;1200;0;;21.6;;;;;
83288;01/03/2018;0000;;34.9;;10.8;29.16;56.75;0.34296;
83288;01/03/2018;1200;0;;23.8;;;;;
83288;02/03/2018;0000;;34.1;;10.6;28.74;60.25;1.20036;
83288;02/03/2018;1200;0;;22.6;;;;;
83288;03/03/2018;0000;;35.1;;10.6;29.28;62.5;0.8574;
83288;03/03/2018;1200;0;;22.8;;;;;
83288;04/03/2018;0000;;35.9;;10.5;29.64;58.25;0.68592;
83288;04/03/2018;1200;0;;23;;;;;
83288;05/03/2018;0000;;35.5;;9;28.36;65.25;1.20036;
83288;05/03/2018;1200;0;;24.4;;;;;
83288;06/03/2018;0000;;32.7;;6.1;25.52;85.75;1.7148;
83288;06/03/2018;1200;10;;22.6;;;;;
83288;07/03/2018;0000;;33.9;;4.5;27.16;81.5;0.34296;
83288;07/03/2018;1200;0;;23.2;;;;;
83288;08/03/2018;0000;;27;;0.1;23.7;90.75;1.02888;
83288;08/03/2018;1200;15.1;;22.4;;;;;
83288;09/03/2018;0000;;30.7;;4.1;26.2;81.5;1.20036;
83288;09/03/2018;1200;2;;22.2;;;;;
83288;10/03/2018;0000;;30.3;;4.3;26.48;83.5;0.68592;
83288;10/03/2018;1200;0;;24;;;;;
83288;11/03/2018;0000;;30.3;;1.4;25.24;89.5;0.34296;
83288;11/03/2018;1200;0.6;;22.7;;;;;
83288;12/03/2018;0000;;32;;6;25.42;91.25;1.54332;
83288;12/03/2018;1200;0;;22.8;;;;;
83288;13/03/2018;0000;;30.5;;4.9;25.72;84;1.02888;
83288;13/03/2018;1200;8.8;;22.8;;;;;
83288;14/03/2018;0000;;32;;9.1;26.4;76.25;0.34296;
83288;14/03/2018;1200;11.6;;21.5;;;;;
83288;15/03/2018;0000;;32.9;;7.7;26.8;78.5;1.54332;
83288;15/03/2018;1200;1.8;;24.4;;;;;
83288;16/03/2018;0000;;33.5;;9.3;27.64;71.75;0.68592;
83288;16/03/2018;1200;0;;22.6;;;;;
83288;17/03/2018;0000;;33.9;;9.2;28.24;66.25;0.34296;
83288;17/03/2018;1200;0;;23.2;;;;;
83288;18/03/2018;0000;;33.7;;6.7;27.08;86;0.51444;
83288;18/03/2018;1200;0;;23.8;;;;;
83288;19/03/2018;0000;;32.7;;9.4;26.56;76.25;0.51444;
83288;19/03/2018;1200;8;;22.2;;;;;
83288;20/03/2018;0000;;33.9;;10.2;27.56;68.75;0.17148;
83288;20/03/2018;1200;0;;22.6;;;;;
83288;21/03/2018;0000;;31.1;;3.8;26.04;83.5;1.20036;
83288;21/03/2018;1200;4;;23;;;;;
83288;22/03/2018;0000;;33.3;;8.1;27.32;78;0.51444;
83288;22/03/2018;1200;0;;22;;;;;
83288;23/03/2018;0000;;31.4;;4.6;26.14;86;0.8574;
83288;23/03/2018;1200;0;;23.7;;;;;
83288;24/03/2018;0000;;30.7;;6.3;25.68;76.5;1.7148;
83288;24/03/2018;1200;4.1;;22.4;;;;;
83288;25/03/2018;0000;;30.3;;6.5;24.84;90.25;0.68592;
83288;25/03/2018;1200;0.2;;21.6;;;;;
83288;26/03/2018;0000;;30.5;;9.6;25.22;77;0.34296;
83288;26/03/2018;1200;22.6;;20.5;;;;;
83288;27/03/2018;0000;;31.7;;10.2;25.88;68.75;1.54332;
83288;27/03/2018;1200;0;;21;;;;;
83288;28/03/2018;0000;;31.1;;9.8;25.88;69.5;1.02888;
83288;28/03/2018;1200;0;;20.8;;;;;
83288;29/03/2018;0000;;32.3;;6.7;26.38;69.25;0.51444;
83288;29/03/2018;1200;0;;22;;;;;
83288;30/03/2018;0000;;32.7;;9.8;27.16;67.75;0;
83288;30/03/2018;1200;0;;22.2;;;;;
83288;31/03/2018;0000;;33.5;;10.5;28.2;64.25;0.51444;
83288;31/03/2018;1200;0;;22.8;;;;;
83288;01/04/2018;0000;;34.6;;10.6;28.26;64.75;0.68592;
83288;01/04/2018;1200;0;;21.8;;;;;
83288;02/04/2018;0000;;33.9;;9.5;28.16;66.75;0.51444;
83288;02/04/2018;1200;0;;22.6;;;;;
83288;03/04/2018;0000;;34.7;;9.3;27.88;70.75;0.34296;
83288;03/04/2018;1200;0;;21.8;;;;;
83288;04/04/2018;0000;;35.9;;10.5;29.14;62.5;0.51444;
83288;04/04/2018;1200;0;;22.4;;;;;
83288;05/04/2018;0000;;34.7;;9.9;28.76;67.25;1.54332;
83288;05/04/2018;1200;0;;23.2;;;;;
83288;06/04/2018;0000;;30.5;;2.8;25.48;84.75;0.68592;
83288;06/04/2018;1200;14.8;;23.2;;;;;
83288;07/04/2018;0000;;32.5;;8.2;27.14;72.25;0.68592;
83288;07/04/2018;1200;0;;23.1;;;;;
83288;08/04/2018;0000;;31.9;;7.6;26.36;75.5;0.51444;
83288;08/04/2018;1200;6;;22.4;;;;;
83288;09/04/2018;0000;;31.1;;5;26;67.5;0.8574;
83288;09/04/2018;1200;0;;22.4;;;;;
83288;10/04/2018;0000;;31.3;;3.6;25.48;82.25;0.51444;
83288;10/04/2018;1200;0;;20.8;;;;;
83288;11/04/2018;0000;;30.3;;5.7;24.44;78.75;1.37184;
83288;11/04/2018;1200;31;;20.4;;;;;
83288;12/04/2018;0000;;31.1;;7.3;25.8;71.25;0.8574;
83288;12/04/2018;1200;0;;21;;;;;
83288;13/04/2018;0000;;29.5;;1.6;24.44;88.5;0.68592;
83288;13/04/2018;1200;0;;22;;;;;
83288;14/04/2018;0000;;32.3;;9.1;26.32;74.5;1.02888;
83288;14/04/2018;1200;22.7;;21.4;;;;;
83288;15/04/2018;0000;;32.1;;9.2;26.68;66.25;1.02888;
83288;15/04/2018;1200;0;;22.2;;;;;
83288;16/04/2018;0000;;32.9;;0;26.92;71.75;0.68592;
83288;16/04/2018;1200;0;;20.8;;;;;
83288;17/04/2018;0000;;32.1;;8.1;25.76;63.75;1.54332;
83288;17/04/2018;1200;0;;20.2;;;;;
83288;18/04/2018;0000;;30.3;;6.2;25.72;64.25;0.8574;
83288;18/04/2018;1200;0;;21.4;;;;;
83288;19/04/2018;0000;;32.5;;9.4;26.7;60.25;0.8574;
83288;19/04/2018;1200;0;;22;;;;;
83288;20/04/2018;0000;;33.7;;10.9;26.68;64.5;1.20036;
83288;20/04/2018;1200;0;;20.6;;;;;
83288;21/04/2018;0000;;33.7;;10.3;27.2;63.5;0.68592;
83288;21/04/2018;1200;0;;20.8;;;;;
83288;22/04/2018;0000;;34.3;;9;27;62;1.02888;
83288;22/04/2018;1200;0;;21.4;;;;;
83288;23/04/2018;0000;;36.9;;8.2;27.56;60.5;1.54332;
83288;23/04/2018;1200;0;;21;;;;;
83288;24/04/2018;0000;;34.1;;10.8;27.12;61;1.02888;
83288;24/04/2018;1200;0;;21.2;;;;;
83288;25/04/2018;0000;;34.1;;8.6;26.6;71;0.51444;
83288;25/04/2018;1200;0;;21.2;;;;;
83288;26/04/2018;0000;;32.9;;9.3;26.96;61;1.54332;
83288;26/04/2018;1200;0;;20.4;;;;;
83288;27/04/2018;0000;;34.1;;10.4;26.68;66.5;1.02888;
83288;27/04/2018;1200;0;;21.6;;;;;
83288;28/04/2018;0000;;34.1;;9.6;27.18;62.5;0.51444;
83288;28/04/2018;1200;0;;21.8;;;;;
83288;29/04/2018;0000;;33.4;;8.8;26.48;63;0.68592;
83288;29/04/2018;1200;0;;21.5;;;;;
83288;30/04/2018;0000;;34.3;;9.5;26.76;60.75;1.02888;
83288;30/04/2018;1200;0;;20.2;;;;;
83288;01/05/2018;0000;;34.9;;10.5;27.68;56;1.02888;
83288;01/05/2018;1200;0;;20.2;;;;;
83288;02/05/2018;0000;;35.1;;10.9;27.68;61.25;0.8574;
83288;02/05/2018;1200;0;;21.8;;;;;
83288;03/05/2018;0000;;33.7;;8.6;27.76;61.25;1.7148;
83288;03/05/2018;1200;0;;23.2;;;;;
83288;04/05/2018;0000;;33.3;;9.6;27.2;63;1.02888;
83288;04/05/2018;1200;0;;22.2;;;;;
83288;05/05/2018;0000;;32.3;;9.1;26.96;60;1.54332;
83288;05/05/2018;1200;0;;20.2;;;;;
83288;06/05/2018;0000;;34.5;;10.5;26.84;54.5;0.8574;
83288;06/05/2018;1200;0;;20.4;;;;;
83288;07/05/2018;0000;;33.2;;10.5;26.14;56.25;1.37184;
83288;07/05/2018;1200;0;;19.2;;;;;
83288;08/05/2018;0000;;33.7;;10.5;26.68;55.5;1.7148;
83288;08/05/2018;1200;0;;19.2;;;;;
83288;09/05/2018;0000;;33.3;;8.8;25.68;52;1.88628;
83288;09/05/2018;1200;0;;19.2;;;;;
83288;10/05/2018;0000;;33.3;;10.5;25.76;57;0.8574;
83288;10/05/2018;1200;0;;18.8;;;;;
83288;11/05/2018;0000;;33.3;;10.5;26.08;58.75;1.20036;
83288;11/05/2018;1200;0;;18.4;;;;;
83288;12/05/2018;0000;;35.3;;10.5;27.88;55.75;0.68592;
83288;12/05/2018;1200;0;;20.2;;;;;
83288;13/05/2018;0000;;35.5;;9.3;28.2;55.5;0.51444;
83288;13/05/2018;1200;0;;21.6;;;;;
83288;14/05/2018;0000;;34.3;;6.6;27.72;58.5;1.02888;
83288;14/05/2018;1200;0;;23;;;;;
83288;15/05/2018;0000;;32.3;;5.5;26.56;59;1.88628;
83288;15/05/2018;1200;0;;20.8;;;;;
83288;16/05/2018;0000;;34.5;;10.2;26.72;51;0.34296;
83288;16/05/2018;1200;0;;20;;;;;
83288;17/05/2018;0000;;35.5;;10.4;27.96;53.75;0.8574;
83288;17/05/2018;1200;0;;20.4;;;;;
83288;18/05/2018;0000;;34.7;;8.3;28.44;51.5;1.02888;
83288;18/05/2018;1200;0;;22.2;;;;;
83288;19/05/2018;0000;;35.1;;10.3;28.24;54.5;0.51444;
83288;19/05/2018;1200;0;;21;;;;;
83288;20/05/2018;0000;;34.1;;7.8;27.8;62.5;0.68592;
83288;20/05/2018;1200;0;;23.8;;;;;
83288;21/05/2018;0000;;35.1;;10.3;27.56;57;1.37184;
83288;21/05/2018;1200;0;;21.4;;;;;
83288;22/05/2018;0000;;35.3;;8.6;28;57.25;1.54332;
83288;22/05/2018;1200;0;;21.8;;;;;
83288;23/05/2018;0000;;34.9;;9.8;27.92;55.5;0.68592;
83288;23/05/2018;1200;0;;21.8;;;;;
83288;24/05/2018;0000;;31.7;;1.1;26.3;61.5;1.20036;
83288;24/05/2018;1200;0;;22.3;;;;;
83288;25/05/2018;0000;;31.7;;10;26.2;55.25;2.5722;
83288;25/05/2018;1200;0;;20.2;;;;;
83288;26/05/2018;0000;;32.9;;10;26.04;53.75;0.8574;
83288;26/05/2018;1200;0;;21.8;;;;;
83288;27/05/2018;0000;;30.1;;3.8;25.7;60;1.54332;
83288;27/05/2018;1200;0;;22;;;;;
83288;28/05/2018;0000;;30.5;;7.2;25.56;56.75;2.74368;
83288;28/05/2018;1200;0;;20.4;;;;;
83288;29/05/2018;0000;;31.3;;10.2;24.52;55;1.7148;
83288;29/05/2018;1200;0;;20.2;;;;;
83288;30/05/2018;0000;;32.3;;10.4;24.28;50.25;1.02888;
83288;30/05/2018;1200;0;;18;;;;;
83288;31/05/2018;0000;;32.1;;10.3;24.56;53.25;0.8574;
83288;31/05/2018;1200;0;;17;;;;;
83288;01/06/2018;0000;;32.9;;9.7;25.54;53;1.20036;
83288;01/06/2018;1200;0;;19.2;;;;;
83288;02/06/2018;0000;;31.9;;6.7;26.4;58.25;1.88628;
83288;02/06/2018;1200;0;;18.4;;;;;
83288;03/06/2018;0000;;33.5;;8.3;27.34;64.25;1.20036;
83288;03/06/2018;1200;0;;22.4;;;;;
83288;04/06/2018;0000;;33.5;;8.5;26.8;59.75;1.02888;
83288;04/06/2018;1200;0;;21;;;;;
83288;05/06/2018;0000;;34.1;;10;26.48;56.25;1.37184;
83288;05/06/2018;1200;0;;19.8;;;;;
83288;06/06/2018;0000;;34.3;;9.2;27.12;59.75;0.34296;
83288;06/06/2018;1200;0;;20.8;;;;;
83288;07/06/2018;0000;;35.5;;10.3;28.24;57;0.8574;
83288;07/06/2018;1200;0;;21.6;;;;;
83288;08/06/2018;0000;;35.9;;10.2;29.24;53.25;0.34296;
83288;08/06/2018;1200;0;;22.2;;;;;
83288;09/06/2018;0000;;35.3;;9;28.1;55.5;0.17148;
83288;09/06/2018;1200;0;;21.5;;;;;
83288;10/06/2018;0000;;34.3;;8.5;27.24;58.75;1.7148;
83288;10/06/2018;1200;0;;21.2;;;;;
83288;11/06/2018;0000;;34.1;;9.4;27.16;57;1.54332;
83288;11/06/2018;1200;0;;20.2;;;;;
83288;12/06/2018;0000;;34.1;;9.1;27.8;56;0.68592;
83288;12/06/2018;1200;0;;20;;;;;
83288;13/06/2018;0000;;33.7;;8.1;27.24;57;1.02888;
83288;13/06/2018;1200;0;;20.2;;;;;
83288;14/06/2018;0000;;34.3;;10.1;26.06;56.5;0.34296;
83288;14/06/2018;1200;0;;19.4;;;;;
83288;15/06/2018;0000;;33.3;;9.8;25.56;56.5;1.54332;
83288;15/06/2018;1200;0;;18.4;;;;;
83288;16/06/2018;0000;;33.9;;10.2;24.6;53.5;1.20036;
83288;16/06/2018;1200;0;;17.4;;;;;
83288;17/06/2018;0000;;31.9;;10;24.88;52.5;0.51444;
83288;17/06/2018;1200;0;;18.2;;;;;
83288;18/06/2018;0000;;32.3;;9.9;24.82;59;1.02888;
83288;18/06/2018;1200;0;;17.6;;;;;
83288;19/06/2018;0000;;29.9;;6;24.48;60;2.05776;
83288;19/06/2018;1200;0;;19.4;;;;;
83288;20/06/2018;0000;;29.5;;5.8;23.82;67.5;1.20036;
83288;20/06/2018;1200;0;;19;;;;;
83288;21/06/2018;0000;;30.7;;7.8;24.12;62.75;1.88628;
83288;21/06/2018;1200;0;;17.2;;;;;
83288;22/06/2018;0000;;32.5;;10.2;24.72;55.5;0.68592;
83288;22/06/2018;1200;0;;18.4;;;;;
83288;23/06/2018;0000;;32.9;;10.1;25.04;54.25;0.77166;
83288;23/06/2018;1200;0;;17;;;;;
83288;24/06/2018;0000;;32.3;;10.2;24.96;55;1.20036;
83288;24/06/2018;1200;0;;18;;;;;
83288;25/06/2018;0000;;33.1;;9.9;25.44;54;0.51444;
83288;25/06/2018;1200;0;;17.6;;;;;
83288;26/06/2018;0000;;32.1;;8.7;25.04;59.25;0.8574;
83288;26/06/2018;1200;0;;18.4;;;;;
83288;27/06/2018;0000;;32.1;;10.1;24.52;57.5;1.37184;
83288;27/06/2018;1200;0;;17.2;;;;;
83288;28/06/2018;0000;;32;;8.9;25.3;57.75;1.20036;
83288;28/06/2018;1200;0;;18.3;;;;;
83288;29/06/2018;0000;;31.7;;10.2;24.8;60.5;1.02888;
83288;29/06/2018;1200;0;;18.4;;;;;
83288;30/06/2018;0000;;31.7;;5.8;25.56;59;1.54332;
83288;30/06/2018;1200;0;;20.2;;;;;
83288;01/07/2018;0000;;32.1;;5.7;25.16;61.75;0.68592;
83288;01/07/2018;1200;0;;18.4;;;;;
83288;02/07/2018;0000;;32.6;;9.5;25.6;59.5;0.8574;
83288;02/07/2018;1200;0;;19;;;;;
83288;03/07/2018;0000;;31.7;;6.1;25.24;57.75;1.7148;
83288;03/07/2018;1200;0;;18.2;;;;;
83288;04/07/2018;0000;;32.9;;10.2;24.76;53.25;0.8574;
83288;04/07/2018;1200;0;;18;;;;;
83288;05/07/2018;0000;;30.6;;8.1;23.98;58;1.20036;
83288;05/07/2018;1200;0;;17.6;;;;;
83288;06/07/2018;0000;;32.1;;10.2;25.48;58;0;
83288;06/07/2018;1200;0;;20;;;;;
83288;07/07/2018;0000;;33.1;;10.3;25.68;54.25;0.68592;
83288;07/07/2018;1200;0;;18.2;;;;;
83288;08/07/2018;0000;;32.5;;10.3;25.02;55;1.20036;
83288;08/07/2018;1200;0;;17.1;;;;;
83288;09/07/2018;0000;;32.7;;10.1;25.08;58;1.37184;
83288;09/07/2018;1200;0;;18.2;;;;;
83288;10/07/2018;0000;;34.1;;10.3;25.12;53;0.68592;
83288;10/07/2018;1200;0;;17.4;;;;;
83288;11/07/2018;0000;;33.5;;10.3;25.44;52.75;0.68592;
83288;11/07/2018;1200;0;;17.8;;;;;
83288;12/07/2018;0000;;34.6;;10.3;25.98;56.75;0.8574;
83288;12/07/2018;1200;0;;18.2;;;;;
83288;13/07/2018;0000;;33.3;;10.3;25.14;57.75;0.68592;
83288;13/07/2018;1200;0;;18.4;;;;;
83288;14/07/2018;0000;;32.9;;10.4;25.86;57.75;0.17148;
83288;14/07/2018;1200;0;;19;;;;;
83288;15/07/2018;0000;;33.1;;10.4;25.4;62.5;1.54332;
83288;15/07/2018;1200;0;;17.8;;;;;
83288;16/07/2018;0000;;32.5;;10.3;25.24;56;0.8574;
83288;16/07/2018;1200;0;;18.4;;;;;
83288;17/07/2018;0000;;31.7;;11.4;24.94;63.5;0.68592;
83288;17/07/2018;1200;0;;18.5;;;;;
83288;18/07/2018;0000;;32.3;;10.4;25.8;55.5;1.02888;
83288;18/07/2018;1200;0;;17.6;;;;;
83288;19/07/2018;0000;;31.9;;10.5;24.48;58.5;0.8574;
83288;19/07/2018;1200;0;;17.6;;;;;
83288;20/07/2018;0000;;31.7;;7.8;25.32;63.5;1.02888;
83288;20/07/2018;1200;0;;17.4;;;;;
83288;21/07/2018;0000;;31.7;;10.4;24.92;58.75;1.7148;
83288;21/07/2018;1200;0;;18.2;;;;;
83288;22/07/2018;0000;;31.3;;10.4;24.22;55.75;1.37184;
83288;22/07/2018;1200;0;;18.8;;;;;
83288;23/07/2018;0000;;32.5;;10.5;24.68;59;0.17148;
83288;23/07/2018;1200;0;;16.1;;;;;
83288;24/07/2018;0000;;31.3;;7.7;24.64;62;0.51444;
83288;24/07/2018;1200;0;;18.8;;;;;
83288;25/07/2018;0000;;31.3;;6.4;24.72;60.75;0.8574;
83288;25/07/2018;1200;0;;20;;;;;
83288;26/07/2018;0000;;30.9;;10.4;24.1;53.5;0.8574;
83288;26/07/2018;1200;0;;17.7;;;;;
83288;27/07/2018;0000;;31.5;;10.5;24.4;56.75;1.37184;
83288;27/07/2018;1200;0;;17.8;;;;;
83288;28/07/2018;0000;;32.1;;10.4;24.56;54.25;0.8574;
83288;28/07/2018;1200;0;;17.4;;;;;
83288;29/07/2018;0000;;32.6;;10.6;25.06;55;0.68592;
83288;29/07/2018;1200;0;;17.6;;;;;
83288;30/07/2018;0000;;33.1;;10.5;25.76;58.25;1.20036;
83288;30/07/2018;1200;0;;17.8;;;;;
83288;31/07/2018;0000;;33.5;;10.5;25.64;55.5;0.68592;
83288;31/07/2018;1200;0;;17.6;;;;;
83288;01/08/2018;0000;;36.1;;9.7;27.04;52.75;0.51444;
83288;01/08/2018;1200;0;;18;;;;;
83288;02/08/2018;0000;;35.7;;10.5;27.32;57.25;1.20036;
83288;02/08/2018;1200;0;;19.4;;;;;
83288;03/08/2018;0000;;34.9;;8.1;27.84;55.25;0.8574;
83288;03/08/2018;1200;0;;21.2;;;;;
83288;04/08/2018;0000;;35.3;;10.5;27.84;63.5;0.34296;
83288;04/08/2018;1200;0;;20.4;;;;;
83288;05/08/2018;0000;;37.1;;10.5;29.32;50.25;0.51444;
83288;05/08/2018;1200;0;;20.4;;;;;
83288;06/08/2018;0000;;37.3;;9.6;29.84;50.25;0.8574;
83288;06/08/2018;1200;0;;23.6;;;;;
83288;07/08/2018;0000;;37.3;;9.2;28.7;51.25;1.02888;
83288;07/08/2018;1200;0;;21.8;;;;;
83288;08/08/2018;0000;;34.9;;10.5;27.4;57.25;1.7148;
83288;08/08/2018;1200;0;;21.2;;;;;
83288;09/08/2018;0000;;35.3;;10.5;28.32;49.25;0.68592;
83288;09/08/2018;1200;0;;22.2;;;;;
83288;10/08/2018;0000;;35.4;;7.5;28.62;57.75;0.68592;
83288;10/08/2018;1200;0;;21.4;;;;;
83288;11/08/2018;0000;;36.7;;9.7;29.36;55.25;0.51444;
83288;11/08/2018;1200;0;;21.6;;;;;
83288;12/08/2018;0000;;37.3;;10.5;29.54;51.5;0.51444;
83288;12/08/2018;1200;0;;21.6;;;;;
83288;13/08/2018;0000;;37.5;;10.3;28.98;53.75;0.8574;
83288;13/08/2018;1200;0;;22.6;;;;;
83288;14/08/2018;0000;;35.5;;9.3;28.96;40.25;1.02888;
83288;14/08/2018;1200;0;;22.2;;;;;
83288;15/08/2018;0000;;35.1;;10.2;28.52;37.75;0.51444;
83288;15/08/2018;1200;0;;22;;;;;
83288;16/08/2018;0000;;35.6;;8.6;28.96;39;0.8574;
83288;16/08/2018;1200;0;;21.9;;;;;
83288;17/08/2018;0000;;30.3;;1.2;26.04;51;2.05776;
83288;17/08/2018;1200;0;;23;;;;;
83288;18/08/2018;0000;;33.1;;8.5;26.72;42.5;1.20036;
83288;18/08/2018;1200;0;;21;;;;;
83288;19/08/2018;0000;;32.6;;7.3;26.28;49;0.8574;
83288;19/08/2018;1200;0;;21;;;;;
83288;20/08/2018;0000;;34.1;;9.9;27.44;41.25;1.88628;
83288;20/08/2018;1200;0;;20.4;;;;;
83288;21/08/2018;0000;;34.3;;10.1;27.24;45.75;0.8574;
83288;21/08/2018;1200;0;;20.4;;;;;
83288;22/08/2018;0000;;34.5;;10.8;27.22;60.5;1.02888;
83288;22/08/2018;1200;0;;20.1;;;;;
83288;23/08/2018;0000;;34.8;;10.3;27.82;39.5;1.20036;
83288;23/08/2018;1200;0;;19.8;;;;;
83288;24/08/2018;0000;;34.9;;10.8;27.4;36;0.8574;
83288;24/08/2018;1200;0;;20.2;;;;;
83288;25/08/2018;0000;;35.3;;10.7;27.74;44.75;1.20036;
83288;25/08/2018;1200;0;;21.2;;;;;
83288;26/08/2018;0000;;35.1;;10.8;27.6;33.25;1.37184;
83288;26/08/2018;1200;0;;20.2;;;;;
83288;27/08/2018;0000;;33.1;;10.8;26.72;28;1.54332;
83288;27/08/2018;1200;0;;20.4;;;;;
83288;28/08/2018;0000;;30.7;;5.3;25.6;47.25;0.8574;
83288;28/08/2018;1200;0;;20.6;;;;;
83288;29/08/2018;0000;;32.1;;10.9;25.96;33.5;2.05776;
83288;29/08/2018;1200;0;;21.2;;;;;
83288;30/08/2018;0000;;32.1;;9.8;25.56;42;1.20036;
83288;30/08/2018;1200;0;;19;;;;;
83288;31/08/2018;0000;;30.7;;10.7;25.68;46.75;1.20036;
83288;31/08/2018;1200;0;;19.4;;;;;
83288;01/09/2018;0000;;33.7;;10.8;26.56;37.5;1.7148;
83288;01/09/2018;1200;0;;20.2;;;;;
83288;02/09/2018;0000;;34.1;;10.8;26.8;38.75;1.37184;
83288;02/09/2018;1200;0;;19.4;;;;;
83288;03/09/2018;0000;;36.5;;10.8;27.88;36.5;0.68592;
83288;03/09/2018;1200;0;;19.5;;;;;
83288;04/09/2018;0000;;37.3;;9.3;29.76;35.75;0.51444;
83288;04/09/2018;1200;0;;21.2;;;;;
83288;05/09/2018;0000;;36.9;;7.3;29.6;37.75;0.8574;
83288;05/09/2018;1200;0;;23.6;;;;;
83288;06/09/2018;0000;;35.9;;10.3;28.92;45.75;0.51444;
83288;06/09/2018;1200;0;;22.7;;;;;
83288;07/09/2018;0000;;33.9;;10.4;27.68;40;1.88628;
83288;07/09/2018;1200;0;;22.2;;;;;
83288;08/09/2018;0000;;34.5;;10.2;27.2;41.75;1.54332;
83288;08/09/2018;1200;0;;19.8;;;;;
83288;09/09/2018;0000;;32.9;;11;26.32;39.5;1.02888;
83288;09/09/2018;1200;0;;19.7;;;;;
83288;10/09/2018;0000;;34.9;;11;27.12;41.25;1.02888;
83288;10/09/2018;1200;0;;20;;;;;
83288;11/09/2018;0000;;35.1;;10.8;28.48;39.75;1.37184;
83288;11/09/2018;1200;0;;21.2;;;;;
83288;12/09/2018;0000;;36.7;;8.8;29.04;33.5;0.51444;
83288;12/09/2018;1200;0;;22.4;;;;;
83288;13/09/2018;0000;;34.5;;8.3;27.84;39.5;1.88628;
83288;13/09/2018;1200;0;;23;;;;;
83288;14/09/2018;0000;;34.9;;10.2;27.2;37.5;1.54332;
83288;14/09/2018;1200;0;;20.6;;;;;
83288;15/09/2018;0000;;36.3;;10;28.52;39.5;0.51444;
83288;15/09/2018;1200;0;;20.2;;;;;
83288;16/09/2018;0000;;38.7;;10.1;31.64;34.5;1.02888;
83288;16/09/2018;1200;0;;22.8;;;;;
83288;17/09/2018;0000;;39.7;;8.3;32.1;36.25;0.8574;
83288;17/09/2018;1200;0;;25.4;;;;;
83288;18/09/2018;0000;;39;;9.9;32.16;35.5;0.34296;
83288;18/09/2018;1200;0;;26;;;;;
83288;19/09/2018;0000;;37.7;;10;31.04;36.25;1.88628;
83288;19/09/2018;1200;0;;24.6;;;;;
83288;20/09/2018;0000;;37.9;;10.3;30.24;32;1.54332;
83288;20/09/2018;1200;0;;23;;;;;
83288;21/09/2018;0000;;37.9;;9.9;30.5;35;0.68592;
83288;21/09/2018;1200;0;;22.8;;;;;
83288;22/09/2018;0000;;39;;10.5;31.86;33.5;1.54332;
83288;22/09/2018;1200;0;;23.2;;;;;
83288;23/09/2018;0000;;37.9;;8.4;30.84;42.5;0.68592;
83288;23/09/2018;1200;0;;25.4;;;;;
83288;24/09/2018;0000;;37.1;;10.2;30.18;38.75;0.51444;
83288;24/09/2018;1200;0;;24;;;;;
83288;25/09/2018;0000;;36.7;;10.5;29.8;34.75;2.05776;
83288;25/09/2018;1200;0;;23.6;;;;;
83288;26/09/2018;0000;;36.9;;10.4;29.96;30.25;1.37184;
83288;26/09/2018;1200;0;;23;;;;;
83288;27/09/2018;0000;;37.9;;10.4;30.66;35.75;0.68592;
83288;27/09/2018;1200;0;;22.7;;;;;
83288;28/09/2018;0000;;39.3;;10.1;31.74;34.75;1.20036;
83288;28/09/2018;1200;0;;24;;;;;
83288;29/09/2018;0000;;39.5;;10;31.72;27.5;1.20036;
83288;29/09/2018;1200;0;;24;;;;;
83288;30/09/2018;0000;;39.3;;10;31.42;29.75;0.8574;
83288;30/09/2018;1200;0;;24;;;;;
83288;01/10/2018;0000;;38.1;;9.8;31.04;34.5;1.54332;
83288;01/10/2018;1200;0;;24.8;;;;;
83288;02/10/2018;0000;;37.3;;9.3;30.14;38.75;0.68592;
83288;02/10/2018;1200;0;;23.9;;;;;
83288;03/10/2018;0000;;38.9;;9.6;31.42;37.25;0.51444;
83288;03/10/2018;1200;0;;23.6;;;;;
83288;04/10/2018;0000;;39.5;;9.8;33.16;31;1.54332;
83288;04/10/2018;1200;0;;25.4;;;;;
83288;05/10/2018;0000;;38.7;;10.3;32.22;36.5;1.02888;
83288;05/10/2018;1200;0;;27.2;;;;;
83288;06/10/2018;0000;;37.5;;10.5;30.72;44.75;0.68592;
83288;06/10/2018;1200;0;;24.8;;;;;
83288;07/10/2018;0000;;38.1;;10.5;30.12;35.25;1.20036;
83288;07/10/2018;1200;0;;23;;;;;
83288;08/10/2018;0000;;38.1;;10.7;30.76;32.5;1.37184;
83288;08/10/2018;1200;0;;22.2;;;;;
83288;09/10/2018;0000;;38.5;;10.2;31.48;33.5;0.68592;
83288;09/10/2018;1200;0;;24.6;;;;;
83288;10/10/2018;0000;;38.7;;10.6;30.96;27.5;1.54332;
83288;10/10/2018;1200;0;;23.8;;;;;
83288;11/10/2018;0000;;38.7;;10.7;30.88;31.25;0.68592;
83288;11/10/2018;1200;0;;23;;;;;
83288;12/10/2018;0000;;37.9;;10.3;30.82;36;1.02888;
83288;12/10/2018;1200;0;;23.9;;;;;
83288;13/10/2018;0000;;37.7;;10.2;30.88;40.5;1.20036;
83288;13/10/2018;1200;0;;23.2;;;;;
83288;14/10/2018;0000;;39.9;;8.4;32.64;40.5;0.8574;
83288;14/10/2018;1200;0;;24.6;;;;;
83288;15/10/2018;0000;;37.7;;5.9;32.12;46.5;0.34296;
83288;15/10/2018;1200;0;;26.8;;;;;
83288;16/10/2018;0000;;32.1;;1.9;28;66.5;2.05776;
83288;16/10/2018;1200;0;;27;;;;;
83288;17/10/2018;0000;;35.7;;7.4;29.4;63.5;1.20036;
83288;17/10/2018;1200;0;;23.8;;;;;
83288;18/10/2018;0000;;36.9;;8.2;31.02;47.5;0.51444;
83288;18/10/2018;1200;0.5;;24;;;;;
83288;19/10/2018;0000;;38.9;;9.8;31.36;46.25;1.7148;
83288;19/10/2018;1200;0;;25.6;;;;;
83288;20/10/2018;0000;;36.3;;2.2;30;54.25;0.8574;
83288;20/10/2018;1200;0;;24.2;;;;;
83288;21/10/2018;0000;;31.3;;0.5;24.1;86.25;1.02888;
83288;21/10/2018;1200;1.8;;20.2;;;;;
83288;22/10/2018;0000;;34.1;;6.1;27.08;57.25;1.88628;
83288;22/10/2018;1200;8.4;;21;;;;;
83288;23/10/2018;0000;;35.7;;7.5;29.08;52.25;0.68592;
83288;23/10/2018;1200;0;;22;;;;;
83288;24/10/2018;0000;;38.2;;9.7;31.64;43.75;0.68592;
83288;24/10/2018;1200;0;;24.7;;;;;
83288;25/10/2018;0000;;39.1;;9.4;32.36;41.5;1.02888;
83288;25/10/2018;1200;0;;26.4;;;;;
83288;26/10/2018;0000;;38.5;;9.2;33.12;42;0.68592;
83288;26/10/2018;1200;0;;26;;;;;
83288;27/10/2018;0000;;37.7;;2.4;31.32;54.75;1.02888;
83288;27/10/2018;1200;0;;24.2;;;;;
83288;28/10/2018;0000;;32.8;;0;25.34;84.25;0.68592;
83288;28/10/2018;1200;20;;22.2;;;;;
83288;29/10/2018;0000;;35.5;;6;28.46;67.5;0.51444;
83288;29/10/2018;1200;5.8;;22.3;;;;;
83288;30/10/2018;0000;;33.7;;8.5;27.28;71.5;0.68592;
83288;30/10/2018;1200;5.2;;21.8;;;;;
83288;31/10/2018;0000;;35.7;;9.4;29.84;58;1.02888;
83288;31/10/2018;1200;0;;23.2;;;;;
83288;01/11/2018;0000;;36.1;;6.8;30;62;0.68592;
83288;01/11/2018;1200;0;;25.8;;;;;
83288;02/11/2018;0000;;35.6;;5.5;26.78;79.75;0.8574;
83288;02/11/2018;1200;0;;24.4;;;;;
83288;03/11/2018;0000;;34.7;;4.9;26.92;71.5;1.37184;
83288;03/11/2018;1200;9.6;;22.2;;;;;
83288;04/11/2018;0000;;35.5;;7.1;27.92;66;0.34296;
83288;04/11/2018;1200;0;;24;;;;;
83288;05/11/2018;0000;;36.3;;9.2;27.52;72.5;1.02888;
83288;05/11/2018;1200;0;;23.8;;;;;
83288;06/11/2018;0000;;31.5;;2.8;27;73.5;1.37184;
83288;06/11/2018;1200;6.8;;23.8;;;;;
83288;07/11/2018;0000;;32.5;;10.3;28.16;62.25;1.02888;
83288;07/11/2018;1200;0;;24;;;;;
83288;08/11/2018;0000;;35.9;;9.7;29;55.75;0.8574;
83288;08/11/2018;1200;0;;22.6;;;;;
83288;09/11/2018;0000;;34.1;;5.6;26.72;80;1.20036;
83288;09/11/2018;1200;0;;24.8;;;;;
83288;10/11/2018;0000;;29.9;;0.8;24.48;87.25;1.02888;
83288;10/11/2018;1200;10.8;;22;;;;;
83288;11/11/2018;0000;;29.4;;0.9;24.78;85.75;0.8574;
83288;11/11/2018;1200;30.8;;21.7;;;;;
83288;12/11/2018;0000;;32.3;;9.5;26.36;77.75;2.22924;
83288;12/11/2018;1200;0.4;;23.2;;;;;
83288;13/11/2018;0000;;34.6;;9.3;27.66;66;1.02888;
83288;13/11/2018;1200;0;;21.8;;;;;
83288;14/11/2018;0000;;34.1;;8.5;28.8;65.75;0.8574;
83288;14/11/2018;1200;0;;24.4;;;;;
83288;15/11/2018;0000;;35.1;;7;28.76;66.5;1.88628;
83288;15/11/2018;1200;0;;23.6;;;;;
83288;16/11/2018;0000;;33.3;;6.6;28.28;71.75;1.20036;
83288;16/11/2018;1200;0;;25.6;;;;;
83288;17/11/2018;0000;;34.4;;8.5;28.7;61.75;0.51444;
83288;17/11/2018;1200;0;;24;;;;;
83288;18/11/2018;0000;;35.7;;11.2;29.08;50;1.20036;
83288;18/11/2018;1200;0;;23.2;;;;;
83288;19/11/2018;0000;;35.7;;10.5;28.88;47.25;0.68592;
83288;19/11/2018;1200;0;;23;;;;;
83288;20/11/2018;0000;;36.5;;9.8;29.28;48.5;0.8574;
83288;20/11/2018;1200;0;;22;;;;;
83288;21/11/2018;0000;;35.5;;9;29.04;50;1.54332;
83288;21/11/2018;1200;0;;22.4;;;;;
83288;22/11/2018;0000;;33.7;;2.7;28.66;51.25;1.54332;
83288;22/11/2018;1200;0;;24.6;;;;;
83288;23/11/2018;0000;;35.9;;9;29.42;43.25;0.8574;
83288;23/11/2018;1200;0;;23.3;;;;;
83288;24/11/2018;0000;;34.9;;6.8;28.6;56.75;1.20036;
83288;24/11/2018;1200;0;;23.8;;;;;
83288;25/11/2018;0000;;28.3;;0.1;24.12;83.5;1.54332;
83288;25/11/2018;1200;0.4;;23.8;;;;;
83288;26/11/2018;0000;;26.9;;0.2;23.44;84;0.17148;
83288;26/11/2018;1200;14.3;;20.6;;;;;
83288;27/11/2018;0000;;30.5;;5.4;25.48;71.25;1.37184;
83288;27/11/2018;1200;0;;21.8;;;;;
83288;28/11/2018;0000;;31.1;;9.1;25.52;63.25;0.68592;
83288;28/11/2018;1200;19.1;;20.6;;;;;
83288;29/11/2018;0000;;33.7;;11.1;27.4;57.75;0.8574;
83288;29/11/2018;1200;0;;21;;;;;
83288;30/11/2018;0000;;34.7;;10.7;28.48;59.5;0.51444;
83288;30/11/2018;1200;0;;22.2;;;;;
83288;01/12/2018;0000;;28.5;;1.1;23.8;89;0.8574;
83288;01/12/2018;1200;22.6;;22;;;;;
83288;02/12/2018;0000;;30.5;;3.3;25.48;81.5;1.02888;
83288;02/12/2018;1200;23.6;;22;;;;;
83288;03/12/2018;0000;;30.1;;1.9;25.12;93.5;1.37184;
83288;03/12/2018;1200;0.4;;22.2;;;;;
83288;04/12/2018;0000;;27.7;;0.9;23.52;91.25;1.02888;
83288;04/12/2018;1200;11.6;;21.8;;;;;
83288;05/12/2018;0000;;24;;0;22.86;95.75;0.8574;
83288;05/12/2018;1200;12.7;;21.7;;;;;
83288;06/12/2018;0000;;27.7;;2;24.04;87;1.88628;
83288;06/12/2018;1200;32.1;;21.8;;;;;
83288;07/12/2018;0000;;32.1;;10.9;;75.75;0.51444;
83288;07/12/2018;1200;5.2;;20.6;;;;;
83288;08/12/2018;0000;;32.5;;9.1;25.88;76.75;0.68592;
83288;08/12/2018;1200;0;;22.9;;;;;
83288;09/12/2018;0000;;25.3;;0;22.06;92.25;1.20036;
83288;09/12/2018;1200;13.2;;20.6;;;;;
83288;10/12/2018;0000;;25.1;;0;22.4;88.5;1.54332;
83288;10/12/2018;1200;9.6;;20.4;;;;;
83288;11/12/2018;0000;;29.7;;3.3;24.22;80;1.37184;
83288;11/12/2018;1200;0;;21;;;;;
83288;12/12/2018;0000;;30.7;;6.3;25.84;68.5;1.7148;
83288;12/12/2018;1200;0;;21.4;;;;;
83288;13/12/2018;0000;;31;;9.7;26.32;64;0.8574;
83288;13/12/2018;1200;0;;20.5;;;;;
83288;14/12/2018;0000;;33.3;;11;26.94;57;1.02888;
83288;14/12/2018;1200;0;;20.8;;;;;
83288;15/12/2018;0000;;32.7;;11.1;27.16;58;1.02888;
83288;15/12/2018;1200;0;;22;;;;;
83288;16/12/2018;0000;;31.5;;8.2;27.08;59.25;1.54332;
83288;16/12/2018;1200;0;;22.4;;;;;
83288;17/12/2018;0000;;31.7;;7.9;26.64;64.75;0.51444;
83288;17/12/2018;1200;0;;23.9;;;;;
83288;18/12/2018;0000;;33.3;;11.6;27.36;56;0.68592;
83288;18/12/2018;1200;0;;21.2;;;;;
83288;19/12/2018;0000;;34.7;;11.5;27.8;56.75;0.68592;
83288;19/12/2018;1200;0;;21.4;;;;;
83288;20/12/2018;0000;;34.8;;11.4;28.86;50.5;0.51444;
83288;20/12/2018;1200;0;;21.8;;;;;
83288;21/12/2018;0000;;35.3;;11.5;28.48;52;1.20036;
83288;21/12/2018;1200;0;;21;;;;;
83288;22/12/2018;0000;;35.3;;11.3;29.32;51.5;0.17148;
83288;22/12/2018;1200;0;;22.2;;;;;
83288;23/12/2018;0000;;33.9;;9.4;27.5;58;0.51444;
83288;23/12/2018;1200;0;;22.3;;;;;
83288;24/12/2018;0000;;33.1;;9.2;26.76;63.5;1.7148;
83288;24/12/2018;1200;0;;22.2;;;;;
83288;25/12/2018;0000;;32.7;;8;26.84;68;0.68592;
83288;25/12/2018;1200;0;;22.2;;;;;
83288;26/12/2018;0000;;33.7;;11.1;28.26;60.75;0.51444;
83288;26/12/2018;1200;0;;22.8;;;;;
83288;27/12/2018;0000;;32.1;;3.1;27.52;69;1.37184;
83288;27/12/2018;1200;3;;23.8;;;;;
83288;28/12/2018;0000;;33.1;;5.5;26.96;77.25;0.8574;
83288;28/12/2018;1200;0;;23.6;;;;;
83288;29/12/2018;0000;;32.6;;2.7;27.38;65.25;0.51444;
83288;29/12/2018;1200;0;;22.8;;;;;
83288;30/12/2018;0000;;33.5;;3.7;25.92;80.75;1.02888;
83288;30/12/2018;1200;0;;22.4;;;;;
83288;31/12/2018;0000;;33.3;;7.2;25.76;77;0.8574;
83288;31/12/2018;1200;9.4;;21.6;;;;;
83288;01/01/2019;0000;;34.9;;11.4;28.68;57;0.51444;
83288;01/01/2019;1200;0;;21.8;;;;;
83288;02/01/2019;0000;;36.9;;9.6;29.84;49;0.8574;
83288;02/01/2019;1200;0;;22.6;;;;;
83288;03/01/2019;0000;;37.3;;11.5;29.68;43.25;0.8574;
83288;03/01/2019;1200;0;;22.2;;;;;
83288;04/01/2019;0000;;36.5;;9.7;29.34;49.25;0.17148;
83288;04/01/2019;1200;0;;22.1;;;;;
83288;05/01/2019;0000;;35.5;;7.6;26.6;68.75;0.51444;
83288;05/01/2019;1200;0;;23;;;;;
83288;06/01/2019;0000;;32.9;;5.5;25.98;61;1.02888;
83288;06/01/2019;1200;0.7;;19.5;;;;;
83288;07/01/2019;0000;;33.1;;5;26.34;62.5;0.17148;
83288;07/01/2019;1200;0;;20.6;;;;;
83288;08/01/2019;0000;;33.5;;9.1;27.48;52.75;1.20036;
83288;08/01/2019;1200;0;;22;;;;;
83288;09/01/2019;0000;;34.3;;9;28.24;52.25;0.8574;
83288;09/01/2019;1200;0;;22;;;;;
83288;10/01/2019;0000;;34.5;;7.7;29.14;54.25;1.37184;
83288;10/01/2019;1200;0;;24;;;;;
83288;11/01/2019;0000;;37.3;;10.1;29.7;48.25;0.51444;
83288;11/01/2019;1200;0;;23.1;;;;;
83288;12/01/2019;0000;;35.3;;7.1;27.92;63.75;0.8574;
83288;12/01/2019;1200;0;;22.8;;;;;
83288;13/01/2019;0000;;34.6;;4.9;27.9;54.75;0.68592;
83288;13/01/2019;1200;0;;23;;;;;
83288;14/01/2019;0000;;35.5;;5.4;28.68;58.5;0.51444;
83288;14/01/2019;1200;0;;21.8;;;;;
83288;15/01/2019;0000;;37.7;;8.2;29.92;58;0.8574;
83288;15/01/2019;1200;0;;24.4;;;;;
83288;16/01/2019;0000;;32.9;;7.3;28.8;53.75;1.02888;
83288;16/01/2019;1200;0;;24.6;;;;;
83288;17/01/2019;0000;;37.3;;8.8;29.26;47.25;0.68592;
83288;17/01/2019;1200;0;;22.6;;;;;
83288;18/01/2019;0000;;37.3;;11.5;29.96;43.25;1.20036;
83288;18/01/2019;1200;0;;22.4;;;;;
83288;19/01/2019;0000;;38.3;;11.2;30.7;39.25;0.68592;
83288;19/01/2019;1200;0;;22.7;;;;;
83288;20/01/2019;0000;;37.9;;10.7;31.64;41;0.51444;
83288;20/01/2019;1200;0;;24.2;;;;;
83288;21/01/2019;0000;;38.5;;10.6;31.86;41.75;0.8574;
83288;21/01/2019;1200;0;;25.3;;;;;
83288;22/01/2019;0000;;38.5;;11.1;31.28;44.5;0.68592;
83288;22/01/2019;1200;0;;24.2;;;;;
83288;23/01/2019;0000;;38.9;;11.1;31.82;39.5;1.02888;
83288;23/01/2019;1200;0;;24.6;;;;;
83288;24/01/2019;0000;;36.5;;7.6;;46.5;0.68592;
83288;24/01/2019;1200;0;;;;;;;
83288;25/01/2019;0000;;36.5;;9;29.62;58;1.02888;
83288;25/01/2019;1200;0;;25.1;;;;;
83288;26/01/2019;0000;;36.1;;7;28.52;57.75;0.8574;
83288;26/01/2019;1200;0;;24;;;;;
83288;27/01/2019;0000;;37.3;;8.6;29.28;49;0.68592;
83288;27/01/2019;1200;0.4;;21.6;;;;;
83288;28/01/2019;0000;;38.3;;9.4;29.4;49;0.68592;
83288;28/01/2019;1200;0;;23.2;;;;;
83288;29/01/2019;0000;;37.5;;11.3;29.88;44.75;1.02888;
83288;29/01/2019;1200;0.2;;22.6;;;;;
83288;30/01/2019;0000;;38.1;;11.4;30.36;40.25;1.37184;
83288;30/01/2019;1200;0;;23.2;;;;;
83288;31/01/2019;0000;;39.5;;11.5;31.72;37.75;0.68592;
83288;31/01/2019;1200;0;;24.2;;;;;
83288;01/02/2019;0000;;38.7;;9.9;31.68;39;1.88628;
83288;01/02/2019;1200;0;;25.6;;;;;
83288;02/02/2019;0000;;38.5;;10.6;32.06;38.25;0.68592;
83288;02/02/2019;1200;0;;25.9;;;;;
83288;03/02/2019;0000;;38.4;;7.1;31.22;50;1.02888;
83288;03/02/2019;1200;0;;26.2;;;;;
83288;04/02/2019;0000;;38.7;;10.3;30.28;51;0.8574;
83288;04/02/2019;1200;0;;23.8;;;;;
83288;05/02/2019;0000;;35.1;;4.4;26.96;70.75;1.02888;
83288;05/02/2019;1200;3.6;;23;;;;;
83288;06/02/2019;0000;;34.5;;2.9;25.46;84.25;1.20036;
83288;06/02/2019;1200;5;;22;;;;;
83288;07/02/2019;0000;;35.5;;3.7;25.92;82.25;0.8574;
83288;07/02/2019;1200;0.2;;22.4;;;;;
83288;08/02/2019;0000;;35.3;;8.2;26.84;78.25;0.51444;
83288;08/02/2019;1200;23;;23.6;;;;;
83288;09/02/2019;0000;;33.1;;3;28.82;63.75;0.68592;
83288;09/02/2019;1200;15.3;;21.9;;;;;
83288;10/02/2019;0000;;35.7;;7.4;27.68;68;0.68592;
83288;10/02/2019;1200;12;;22.2;;;;;
83288;11/02/2019;0000;;36.3;;11.2;28.92;57;0.8574;
83288;11/02/2019;1200;5.6;;22;;;;;
83288;12/02/2019;0000;;36.1;;10.2;29.96;51.25;0.68592;
83288;12/02/2019;1200;0;;23.2;;;;;
83288;13/02/2019;0000;;37.7;;11.1;30.68;47.75;0.51444;
83288;13/02/2019;1200;0;;23.2;;;;;
83288;14/02/2019;0000;;35.7;;10;29.8;53;1.7148;
83288;14/02/2019;1200;0;;25;;;;;
83288;15/02/2019;0000;;33.5;;2.8;27.88;72.25;1.02888;
83288;15/02/2019;1200;0;;25.2;;;;;
83288;16/02/2019;0000;;34.5;;6.7;27.72;60.5;2.05776;
83288;16/02/2019;1200;6;;23.2;;;;;
83288;17/02/2019;0000;;30.9;;1.5;25.2;82;1.02888;
83288;17/02/2019;1200;16.2;;22.6;;;;;
83288;18/02/2019;0000;;29.9;;0.9;25.2;79.75;0.51444;
83288;18/02/2019;1200;4.2;;21.4;;;;;
83288;19/02/2019;0000;;34.9;;8.8;28.54;66.75;1.20036;
83288;19/02/2019;1200;4.2;;22.2;;;;;
83288;20/02/2019;0000;;35.3;;9.6;29.08;69;0.8574;
83288;20/02/2019;1200;0;;24.8;;;;;
83288;21/02/2019;0000;;36.6;;9.9;30.5;57.75;0.51444;
83288;21/02/2019;1200;0;;24.6;;;;;
83288;22/02/2019;0000;;36.3;;9.3;29.32;59;1.7148;
83288;22/02/2019;1200;0;;25;;;;;
83288;23/02/2019;0000;;36.7;;9.5;30.32;54.75;0.68592;
83288;23/02/2019;1200;0;;24.8;;;;;
83288;24/02/2019;0000;;36.1;;8.8;30.06;55.25;0.68592;
83288;24/02/2019;1200;0;;24.8;;;;;
83288;25/02/2019;0000;;36.5;;8.6;29.48;61.75;1.7148;
83288;25/02/2019;1200;0;;25.4;;;;;
83288;26/02/2019;0000;;35.3;;8.4;26.76;73.75;0.8574;
83288;26/02/2019;1200;0;;23.8;;;;;
83288;27/02/2019;0000;;31.5;;2.7;26.18;79.25;0.51444;
83288;27/02/2019;1200;5;;22.3;;;;;
83288;28/02/2019;0000;;33.9;;7.9;26.28;72.75;0.68592;
83288;28/02/2019;1200;6;;21.2;;;;;
83288;01/03/2019;0000;;34.9;;7.6;27.76;65.25;0.34296;
83288;01/03/2019;1200;0;;21.6;;;;;
83288;02/03/2019;0000;;33.1;;7.1;28.18;69.75;0.68592;
83288;02/03/2019;1200;0;;23.8;;;;;
83288;03/03/2019;0000;;34.9;;9.8;28.84;61;0.17148;
83288;03/03/2019;1200;0;;22.8;;;;;
83288;04/03/2019;0000;;35.5;;8.8;28.84;60.75;0.51444;
83288;04/03/2019;1200;0;;24.8;;;;;
83288;05/03/2019;0000;;34.8;;6.5;28.46;59.75;0.8574;
83288;05/03/2019;1200;0;;24.2;;;;;
83288;06/03/2019;0000;;35.5;;7.8;28.44;63.5;0.51444;
83288;06/03/2019;1200;0;;23.2;;;;;
83288;07/03/2019;0000;;36.9;;9.5;29.56;50;0.51444;
83288;07/03/2019;1200;1;;23.2;;;;;
83288;08/03/2019;0000;;37.2;;9.6;30.4;49.5;0.68592;
83288;08/03/2019;1200;0;;24.4;;;;;
83288;09/03/2019;0000;;36.7;;8.7;30.08;51.25;0.51444;
83288;09/03/2019;1200;0;;24.4;;;;;
83288;10/03/2019;0000;;37.3;;8.2;28.54;62;0.51444;
83288;10/03/2019;1200;0;;24;;;;;
83288;11/03/2019;0000;;37.5;;9;28.76;63.75;1.02888;
83288;11/03/2019;1200;1;;23;;;;;
83288;12/03/2019;0000;;38.1;;8.9;30.16;48.5;0.51444;
83288;12/03/2019;1200;0;;22.2;;;;;
83288;13/03/2019;0000;;38.8;;9.3;30.78;50.25;0.34296;
83288;13/03/2019;1200;0;;24.8;;;;;
83288;14/03/2019;0000;;38.6;;9.6;31.56;51.25;0.51444;
83288;14/03/2019;1200;0;;25.2;;;;;
83288;15/03/2019;0000;;38.7;;9.7;31.52;49.25;1.54332;
83288;15/03/2019;1200;0;;24;;;;;
83288;16/03/2019;0000;;38.7;;10;30.04;57;1.20036;
83288;16/03/2019;1200;3.7;;24.8;;;;;
83288;17/03/2019;0000;;37.1;;10.5;30.36;55.25;0.8574;
83288;17/03/2019;1200;0;;22.8;;;;;
83288;18/03/2019;0000;;39.1;;9.8;31.64;52.5;1.20036;
83288;18/03/2019;1200;0;;25.4;;;;;
83288;19/03/2019;0000;;37.3;;7.5;29.96;66.25;1.37184;
83288;19/03/2019;1200;19;;24;;;;;
83288;20/03/2019;0000;;30.5;;2;26.86;78.75;0.68592;
83288;20/03/2019;1200;0.7;;23.9;;;;;
83288;21/03/2019;0000;;28.9;;0.3;25.08;83.75;1.02888;
83288;21/03/2019;1200;22.5;;23.4;;;;;
83288;22/03/2019;0000;;32.1;;5.2;26.28;78.25;0.34296;
83288;22/03/2019;1200;0.7;;21.8;;;;;
83288;23/03/2019;0000;;31.5;;6.1;25.8;82.5;0.17148;
83288;23/03/2019;1200;25.8;;21.7;;;;;
83288;24/03/2019;0000;;26.9;;0.3;23.96;90.5;0;
83288;24/03/2019;1200;9;;22.8;;;;;
83288;25/03/2019;0000;;30.9;;3.9;24.72;87.75;0.51444;
83288;25/03/2019;1200;38;;22.6;;;;;
83288;26/03/2019;0000;;27.6;;0.5;24.1;96;0.8574;
83288;26/03/2019;1200;47.4;;22.2;;;;;
83288;27/03/2019;0000;;32.1;;8.3;26.82;71.75;1.02888;
83288;27/03/2019;1200;9.9;;22.2;;;;;
83288;28/03/2019;0000;;31.9;;8.2;27.68;67;0.68592;
83288;28/03/2019;1200;0;;24;;;;;
83288;29/03/2019;0000;;32.7;;10.6;27.1;64.25;0.8574;
83288;29/03/2019;1200;0;;22.1;;;;;
83288;30/03/2019;0000;;33.3;;10.5;27.28;63;1.7148;
83288;30/03/2019;1200;0;;21.8;;;;;
83288;31/03/2019;0000;;33.5;;10.8;27.46;62.5;1.02888;
83288;31/03/2019;1200;0;;21.8;;;;;
83288;01/04/2019;0000;;33.5;;10.5;27.96;64.5;0.34296;
83288;01/04/2019;1200;0;;22;;;;;
83288;02/04/2019;0000;;33.7;;10.3;28.04;67.75;1.02888;
83288;02/04/2019;1200;0;;22.6;;;;;
83288;03/04/2019;0000;;34.1;;10.5;28.4;63;0.51444;
83288;03/04/2019;1200;0;;22.4;;;;;
83288;04/04/2019;0000;;34.1;;10.6;28.7;66.25;0.8574;
83288;04/04/2019;1200;0;;22.6;;;;;
83288;05/04/2019;0000;;33.9;;10;28.16;70.5;0.51444;
83288;05/04/2019;1200;0;;23;;;;;
83288;06/04/2019;0000;;33.5;;10.2;27.44;68;0.68592;
83288;06/04/2019;1200;0;;23;;;;;
83288;07/04/2019;0000;;32.5;;8.3;27.82;73.25;0.68592;
83288;07/04/2019;1200;0;;24.4;;;;;
83288;08/04/2019;0000;;33.5;;8;28.2;70.5;0.51444;
83288;08/04/2019;1200;5.3;;23.2;;;;;
83288;09/04/2019;0000;;34.3;;10.3;28.04;70;0.34296;
83288;09/04/2019;1200;0;;23.8;;;;;
83288;10/04/2019;0000;;31.5;;3.5;25.24;88;0.34296;
83288;10/04/2019;1200;38.4;;23;;;;;
83288;11/04/2019;0000;;31.5;;8.8;26;81.25;0;
83288;11/04/2019;1200;19;;21.2;;;;;
83288;12/04/2019;0000;;33.9;;10;27.76;76.25;0;
83288;12/04/2019;1200;0;;24;;;;;
83288;13/04/2019;0000;;32.9;;8.2;27.5;77.25;0.34296;
83288;13/04/2019;1200;0;;23.9;;;;;
83288;14/04/2019;0000;;33.5;;9.8;28.28;64;1.02888;
83288;14/04/2019;1200;0;;23.6;;;;;
83288;15/04/2019;0000;;33.7;;9.5;27.68;75.5;0.51444;
83288;15/04/2019;1200;0;;24;;;;;
83288;16/04/2019;0000;;33.7;;10.4;27.92;68.75;0.68592;
83288;16/04/2019;1200;0;;22.8;;;;;
83288;17/04/2019;0000;;33.5;;8.5;27.72;70.5;0;
83288;17/04/2019;1200;0;;22.6;;;;;
83288;18/04/2019;0000;;35.1;;10.6;28.68;66;0.51444;
83288;18/04/2019;1200;0;;23;;;;;
83288;19/04/2019;0000;;34.8;;8.7;29;74;0.17148;
83288;19/04/2019;1200;0;;24.2;;;;;
83288;20/04/2019;0000;;32.3;;6.4;27.76;77.5;0.8574;
83288;20/04/2019;1200;0;;24;;;;;
83288;21/04/2019;0000;;33.7;;5;28.44;69.75;0.8574;
83288;21/04/2019;1200;0;;24.8;;;;;
83288;22/04/2019;0000;;34.3;;9.8;27.62;71.5;0.17148;
83288;22/04/2019;1200;0;;23.7;;;;;
83288;23/04/2019;0000;;33.7;;10.1;27.74;62.5;1.02888;
83288;23/04/2019;1200;0;;22.5;;;;;
83288;24/04/2019;0000;;33.1;;10.8;27.2;58.25;0.51444;
83288;24/04/2019;1200;0;;22.4;;;;;
83288;25/04/2019;0000;;33.3;;10.3;26.64;59.75;1.02888;
83288;25/04/2019;1200;0;;21.3;;;;;
83288;26/04/2019;0000;;33.1;;10.7;27.36;61.75;1.88628;
83288;26/04/2019;1200;0;;21.8;;;;;
83288;27/04/2019;0000;;33.7;;10.3;27.56;66.75;0.34296;
83288;27/04/2019;1200;0;;24;;;;;
83288;28/04/2019;0000;;34.9;;10.6;27.28;64;0.17148;
83288;28/04/2019;1200;0;;21.2;;;;;
83288;29/04/2019;0000;;35.1;;10.5;28.08;59.75;0;
83288;29/04/2019;1200;0;;21.6;;;;;
83288;30/04/2019;0000;;36.3;;10.7;28.28;61.75;0.34296;
83288;30/04/2019;1200;0;;20.6;;;;;
83288;01/05/2019;0000;;35.7;;10.1;29.02;64.5;0.68592;
83288;01/05/2019;1200;0;;23.3;;;;;
83288;02/05/2019;0000;;35.1;;8.6;29.08;58.75;1.20036;
83288;02/05/2019;1200;1;;23.2;;;;;
83288;03/05/2019;0000;;34.3;;8.2;29.3;60.25;0.8574;
83288;03/05/2019;1200;0;;25;;;;;
83288;04/05/2019;0000;;34.5;;7.6;28.52;60.25;0.8574;
83288;04/05/2019;1200;0;;22.6;;;;;
83288;05/05/2019;0000;;32.9;;6.5;27.92;60.5;1.37184;
83288;05/05/2019;1200;0;;23.2;;;;;
83288;06/05/2019;0000;;34.5;;9.9;27.68;63.75;0.8574;
83288;06/05/2019;1200;0;;23;;;;;
83288;07/05/2019;0000;;36.4;;10.4;28.68;56.75;0.8574;
83288;07/05/2019;1200;0;;21.9;;;;;
83288;08/05/2019;0000;;36.5;;10.5;28.64;56.75;0.8574;
83288;08/05/2019;1200;0;;21.4;;;;;
83288;09/05/2019;0000;;35.1;;9.1;27.98;61.5;0.68592;
83288;09/05/2019;1200;0;;22.8;;;;;
83288;10/05/2019;0000;;35.8;;10.6;27.7;58;0.17148;
83288;10/05/2019;1200;0;;21.6;;;;;
83288;11/05/2019;0000;;35.1;;10.4;27.48;57.5;0.51444;
83288;11/05/2019;1200;0;;21;;;;;
83288;12/05/2019;0000;;36.1;;10.5;28;59.75;0.51444;
83288;12/05/2019;1200;0;;21.4;;;;;
83288;13/05/2019;0000;;35.7;;10.5;28.22;62;0.51444;
83288;13/05/2019;1200;0;;21.8;;;;;
83288;14/05/2019;0000;;36.1;;8.7;28.4;61.25;0.51444;
83288;14/05/2019;1200;0;;22;;;;;
83288;15/05/2019;0000;;35.3;;8.9;29.12;59.75;0.68592;
83288;15/05/2019;1200;0;;23;;;;;
83288;16/05/2019;0000;;29.9;;0;23.56;95.75;0.8574;
83288;16/05/2019;1200;0.8;;20.2;;;;;
83288;17/05/2019;0000;;25.5;;0;22.96;88.25;0;
83288;17/05/2019;1200;10.1;;21.6;;;;;
83288;18/05/2019;0000;;32.9;;7.9;26.3;66.75;0.34296;
83288;18/05/2019;1200;0;;22;;;;;
83288;19/05/2019;0000;;34.7;;8.6;27.92;64;0.51444;
83288;19/05/2019;1200;0;;20.6;;;;;
83288;20/05/2019;0000;;34.9;;8.9;28.2;66.5;1.02888;
83288;20/05/2019;1200;0;;22.2;;;;;
83288;21/05/2019;0000;;35.1;;8.6;28.64;57;1.02888;
83288;21/05/2019;1200;0;;22.4;;;;;
83288;22/05/2019;0000;;36.5;;9.3;29.06;56.75;0.68592;
83288;22/05/2019;1200;0;;22;;;;;
83288;23/05/2019;0000;;35.9;;10.2;29.02;58.25;1.02888;
83288;23/05/2019;1200;0;;22.2;;;;;
83288;24/05/2019;0000;;35.7;;10.2;28.64;60.25;0.51444;
83288;24/05/2019;1200;0;;23;;;;;
83288;25/05/2019;0000;;35.8;;10.5;28.5;62.5;0.17148;
83288;25/05/2019;1200;0;;22;;;;;
83288;26/05/2019;0000;;36.1;;7.5;28.38;54.75;0;
83288;26/05/2019;1200;0;;23.2;;;;;
83288;27/05/2019;0000;;34.7;;10.2;27.24;56;1.02888;
83288;27/05/2019;1200;0;;22.2;;;;;
83288;28/05/2019;0000;;34.4;;9.8;27.38;55;0.68592;
83288;28/05/2019;1200;0;;20.8;;;;;
83288;29/05/2019;0000;;35.9;;10.4;28.4;52.5;1.02888;
83288;29/05/2019;1200;0;;21.2;;;;;
83288;30/05/2019;0000;;35.5;;10.1;27.8;54;0.8574;
83288;30/05/2019;1200;0;;21.2;;;;;
83288;31/05/2019;0000;;35.5;;10.4;28.06;58.5;0.68592;
83288;31/05/2019;1200;0;;21.2;;;;;
83288;01/06/2019;0000;;36.3;;10.3;28.76;51;0.51444;
83288;01/06/2019;1200;0;;21.7;;;;;
83288;02/06/2019;0000;;35.7;;10.4;28.22;50;1.02888;
83288;02/06/2019;1200;0;;21.2;;;;;
83288;03/06/2019;0000;;35.9;;10.2;28.12;46.75;1.02888;
83288;03/06/2019;1200;0;;20.2;;;;;
83288;04/06/2019;0000;;36.5;;10.2;28.12;48;0.51444;
83288;04/06/2019;1200;0;;20.6;;;;;
83288;05/06/2019;0000;;33.9;;9.4;26.76;47.75;1.20036;
83288;05/06/2019;1200;0;;21.2;;;;;
83288;06/06/2019;0000;;30.6;;5.5;25.46;54.25;1.37184;
83288;06/06/2019;1200;0;;18.1;;;;;
83288;07/06/2019;0000;;32.1;;8.3;25.36;46.75;1.88628;
83288;07/06/2019;1200;0;;18;;;;;
83288;08/06/2019;0000;;33.5;;10;25.32;49;1.20036;
83288;08/06/2019;1200;0;;17.6;;;;;
83288;09/06/2019;0000;;33.3;;10.3;26.04;51;1.20036;
83288;09/06/2019;1200;0;;18;;;;;
83288;10/06/2019;0000;;32.5;;9.1;26.08;53.75;1.37184;
83288;10/06/2019;1200;0;;18.8;;;;;
83288;11/06/2019;0000;;32.3;;9;25.88;54.75;1.20036;
83288;11/06/2019;1200;0;;21;;;;;
83288;12/06/2019;0000;;31.8;;5.9;25.44;60.25;1.20036;
83288;12/06/2019;1200;0;;21.5;;;;;
83288;13/06/2019;0000;;33.3;;9.5;25.88;52.5;1.20036;
83288;13/06/2019;1200;0;;18;;;;;
83288;14/06/2019;0000;;32.9;;9.8;25.66;57.75;1.02888;
83288;14/06/2019;1200;0;;20.4;;;;;
83288;15/06/2019;0000;;32.3;;9.2;25.72;52.5;1.37184;
83288;15/06/2019;1200;0;;20.2;;;;;
83288;16/06/2019;0000;;31.8;;9.9;25.38;52.25;1.20036;
83288;16/06/2019;1200;0;;19.6;;;;;
83288;17/06/2019;0000;;32.1;;9.4;26.32;56.5;1.54332;
83288;17/06/2019;1200;0;;20.4;;;;;
83288;18/06/2019;0000;;33.7;;7.3;26.68;56.75;1.02888;
83288;18/06/2019;1200;0;;20.4;;;;;
83288;19/06/2019;0000;;33.9;;10.2;27.16;49.5;1.20036;
83288;19/06/2019;1200;0;;21.4;;;;;
83288;20/06/2019;0000;;33.6;;10.3;25.84;51.25;1.20036;
83288;20/06/2019;1200;0;;19.1;;;;;
83288;21/06/2019;0000;;33.1;;10.2;25.44;48.75;1.54332;
83288;21/06/2019;1200;0;;18.8;;;;;
83288;22/06/2019;0000;;32.5;;10.2;25.68;52.5;1.7148;
83288;22/06/2019;1200;0;;19;;;;;
83288;23/06/2019;0000;;32.9;;10.1;25.78;51.5;1.02888;
83288;23/06/2019;1200;0;;20.1;;;;;
83288;24/06/2019;0000;;30.7;;6.1;24.98;64;0.34296;
83288;24/06/2019;1200;0;;19.6;;;;;
83288;25/06/2019;0000;;33.5;;9.8;25.84;55.25;0.51444;
83288;25/06/2019;1200;0;;18.2;;;;;
83288;26/06/2019;0000;;33.1;;8.4;26.24;45.75;1.37184;
83288;26/06/2019;1200;0;;18.2;;;;;
83288;27/06/2019;0000;;33.5;;10.2;25.68;41.75;2.05776;
83288;27/06/2019;1200;0;;19.4;;;;;
83288;28/06/2019;0000;;33.4;;10.1;25.56;54.75;0.68592;
83288;28/06/2019;1200;0;;18.1;;;;;
83288;29/06/2019;0000;;32.9;;9.5;25.64;58.25;0.8574;
83288;29/06/2019;1200;0;;20.1;;;;;
83288;30/06/2019;0000;;32.6;;0.1;25.7;53;0.68592;
83288;30/06/2019;1200;0;;19;;;;;
83288;01/07/2019;0000;;32.5;;10.1;25.24;44.5;0.51444;
83288;01/07/2019;1200;0;;18.8;;;;;
83288;02/07/2019;0000;;34.7;;10.2;25.68;52.75;0.51444;
83288;02/07/2019;1200;0;;17.6;;;;;
83288;03/07/2019;0000;;34.1;;10.3;26.48;48.75;0.17148;
83288;03/07/2019;1200;0;;19;;;;;
83288;04/07/2019;0000;;35.7;;10.3;28.04;45;1.02888;
83288;04/07/2019;1200;0;;19.8;;;;;
83288;05/07/2019;0000;;36.9;;10.2;28.76;50;0.17148;
83288;05/07/2019;1200;0;;21.6;;;;;
83288;06/07/2019;0000;;35.1;;10;27.32;45.5;1.20036;
83288;06/07/2019;1200;0;;20.6;;;;;
83288;07/07/2019;0000;;34.5;;10.2;26.36;54.5;1.20036;
83288;07/07/2019;1200;0;;20;;;;;
83288;08/07/2019;0000;;34.7;;9.3;25.36;50.5;1.37184;
83288;08/07/2019;1200;0;;20;;;;;
83288;09/07/2019;0000;;29.5;;7.8;22.84;49;1.37184;
83288;09/07/2019;1200;0;;17.2;;;;;
83288;10/07/2019;0000;;30.5;;10.3;22.96;47.5;1.20036;
83288;10/07/2019;1200;0;;16.2;;;;;
83288;11/07/2019;0000;;33.1;;10.3;24.12;46.75;0.34296;
83288;11/07/2019;1200;0;;16;;;;;
83288;12/07/2019;0000;;33.1;;10.4;25.08;43.5;1.20036;
83288;12/07/2019;1200;0;;17;;;;;
83288;13/07/2019;0000;;33.7;;10.3;25.2;44.75;0.51444;
83288;13/07/2019;1200;0;;16.4;;;;;
83288;14/07/2019;0000;;34.7;;10.4;25.24;43.5;0.51444;
83288;14/07/2019;1200;0;;17.4;;;;;
83288;15/07/2019;0000;;34.7;;10.4;25.52;43.75;0.68592;
83288;15/07/2019;1200;0;;17.6;;;;;
83288;16/07/2019;0000;;34.5;;10.5;25.52;43.75;0;
83288;16/07/2019;1200;0;;17.4;;;;;
83288;17/07/2019;0000;;35.7;;10.4;26.52;40;0.8574;
83288;17/07/2019;1200;0;;18.2;;;;;
83288;18/07/2019;0000;;30.9;;10.3;24.16;54.5;1.20036;
83288;18/07/2019;1200;0;;19.2;;;;;
83288;19/07/2019;0000;;30.1;;10.4;23.08;44.75;1.37184;
83288;19/07/2019;1200;0;;16;;;;;
83288;20/07/2019;0000;;31.1;;10.3;24.12;51.25;1.54332;
83288;20/07/2019;1200;0;;18.2;;;;;
83288;21/07/2019;0000;;31.3;;9.4;23.84;56;1.37184;
83288;21/07/2019;1200;0;;17.4;;;;;
83288;22/07/2019;0000;;29.7;;8.2;24.08;53;1.37184;
83288;22/07/2019;1200;0;;18.2;;;;;
83288;23/07/2019;0000;;32.5;;10.2;24.92;52.5;1.88628;
83288;23/07/2019;1200;0;;17.4;;;;;
83288;24/07/2019;0000;;31.9;;7.7;25.48;46.75;1.20036;
83288;24/07/2019;1200;0;;21.2;;;;;
83288;25/07/2019;0000;;32.9;;8.7;25.16;48.5;1.37184;
83288;25/07/2019;1200;0;;17.7;;;;;
83288;26/07/2019;0000;;30.7;;10.4;25.16;42.5;2.74368;
83288;26/07/2019;1200;0;;18.2;;;;;
83288;27/07/2019;0000;;28.9;;3;24.32;52;2.22924;
83288;27/07/2019;1200;0;;18.4;;;;;
83288;28/07/2019;0000;;31;;3;25.56;50.25;0.34296;
83288;28/07/2019;1200;0;;20.2;;;;;
83288;29/07/2019;0000;;33.3;;9.1;25.56;47;0.68592;
83288;29/07/2019;1200;0;;19.2;;;;;
83288;30/07/2019;0000;;33.3;;9.1;26.44;65.25;0.68592;
83288;30/07/2019;1200;0;;20.4;;;;;
83288;31/07/2019;0000;;34.5;;9.9;27.06;51.25;0.34296;
83288;31/07/2019;1200;0;;19.4;;;;;
83288;01/08/2019;0000;;34.3;;10.5;26.72;44;0.68592;
83288;01/08/2019;1200;0;;20.6;;;;;
83288;02/08/2019;0000;;34.3;;10.5;26.5;48.25;0.68592;
83288;02/08/2019;1200;0;;19;;;;;
83288;03/08/2019;0000;;35.6;;10.6;27.32;47.25;0.51444;
83288;03/08/2019;1200;0;;19.2;;;;;
83288;04/08/2019;0000;;35.3;;10.5;27;40.25;0.51444;
83288;04/08/2019;1200;0;;19.4;;;;;
83288;05/08/2019;0000;;28.5;;5.1;24.64;59.5;2.91516;
83288;05/08/2019;1200;0;;20.8;;;;;
83288;06/08/2019;0000;;32.4;;9.8;24.84;44.5;1.37184;
83288;06/08/2019;1200;0;;18.5;;;;;
83288;07/08/2019;0000;;32.3;;10.5;25.08;40;2.05776;
83288;07/08/2019;1200;0;;17.6;;;;;
83288;08/08/2019;0000;;33.1;;10.6;25.24;45.75;1.02888;
83288;08/08/2019;1200;0;;17.6;;;;;
83288;09/08/2019;0000;;33.3;;10.5;25.98;51.25;0.8574;
83288;09/08/2019;1200;0;;18.8;;;;;
83288;10/08/2019;0000;;33.1;;6.7;26.72;57.75;0.8574;
83288;10/08/2019;1200;0;;21.4;;;;;
83288;11/08/2019;0000;;34.7;;10.1;27.36;44.75;0.8574;
83288;11/08/2019;1200;0;;20.6;;;;;
83288;12/08/2019;0000;;34.4;;9.6;26.8;48;0.8574;
83288;12/08/2019;1200;0;;20;;;;;
83288;13/08/2019;0000;;32.9;;10;26.08;47;1.20036;
83288;13/08/2019;1200;0;;20.2;;;;;
83288;14/08/2019;0000;;33.7;;10.7;26.72;44.25;1.02888;
83288;14/08/2019;1200;0;;19.2;;;;;
83288;15/08/2019;0000;;31.4;;10.7;25.18;54.25;1.54332;
83288;15/08/2019;1200;0;;20.4;;;;;
83288;16/08/2019;0000;;30.5;;11;24.48;51.5;2.40072;
83288;16/08/2019;1200;0;;19.4;;;;;
83288;17/08/2019;0000;;32.5;;9.7;24.88;53.5;1.20036;
83288;17/08/2019;1200;0;;18.4;;;;;
83288;18/08/2019;0000;;33.3;;9.5;26.48;47.25;0.8574;
83288;18/08/2019;1200;0;;19.6;;;;;
83288;19/08/2019;0000;;34.7;;10.7;27.4;37.25;0.51444;
83288;19/08/2019;1200;0;;19.4;;;;;
83288;20/08/2019;0000;;36.1;;9;28.52;38;0.51444;
83288;20/08/2019;1200;0;;22;;;;;
83288;21/08/2019;0000;;36.5;;10.4;27.88;38.75;0.34296;
83288;21/08/2019;1200;0;;19.2;;;;;
83288;22/08/2019;0000;;35.1;;9.5;27.52;44.25;0.68592;
83288;22/08/2019;1200;0;;20.8;;;;;
83288;23/08/2019;0000;;34.8;;10.4;27.58;39.25;0.8574;
83288;23/08/2019;1200;0;;20.6;;;;;
83288;24/08/2019;0000;;34.8;;10.6;27.56;44.25;0.51444;
83288;24/08/2019;1200;0;;19.9;;;;;
83288;25/08/2019;0000;;33.9;;10.1;25.7;37;2.05776;
83288;25/08/2019;1200;0;;15.7;;;;;
83288;26/08/2019;0000;;32.7;;10.4;25.48;43.5;2.5722;
83288;26/08/2019;1200;0;;19.8;;;;;
83288;27/08/2019;0000;;33.3;;10.6;26.08;44;0.68592;
83288;27/08/2019;1200;0;;18.9;;;;;
83288;28/08/2019;0000;;32.7;;9.7;26.2;46.25;1.20036;
83288;28/08/2019;1200;0;;19;;;;;
83288;29/08/2019;0000;;34.1;;10.7;26.8;42.5;1.37184;
83288;29/08/2019;1200;0;;19.6;;;;;
83288;30/08/2019;0000;;34.7;;10.8;28;39.5;1.02888;
83288;30/08/2019;1200;0;;20;;;;;
83288;31/08/2019;0000;;34.9;;11;26.88;42.5;0.8574;
83288;31/08/2019;1200;0;;20.4;;;;;
83288;01/09/2019;0000;;36.3;;10.8;27.96;38;1.02888;
83288;01/09/2019;1200;0;;18.8;;;;;
83288;02/09/2019;0000;;36.6;;10.9;28.34;40.25;0.51444;
83288;02/09/2019;1200;0;;19.8;;;;;
83288;03/09/2019;0000;;36.3;;10.9;28.8;40.5;1.88628;
83288;03/09/2019;1200;0;;21.4;;;;;
83288;04/09/2019;0000;;36.5;;10.9;28.2;43.25;0.68592;
83288;04/09/2019;1200;0;;20.4;;;;;
83288;05/09/2019;0000;;37.3;;10.9;28.68;39.25;0.8574;
83288;05/09/2019;1200;0;;21.2;;;;;
83288;06/09/2019;0000;;34.5;;10.9;27.72;43;2.22924;
83288;06/09/2019;1200;0;;21.4;;;;;
83288;07/09/2019;0000;;33.6;;9.5;26.78;55.75;2.05776;
83288;07/09/2019;1200;0;;21.6;;;;;
83288;08/09/2019;0000;;33.9;;10.5;27.02;51.75;0.34296;
83288;08/09/2019;1200;0;;21;;;;;
83288;09/09/2019;0000;;35.3;;11;28.32;43.25;1.88628;
83288;09/09/2019;1200;0;;20.8;;;;;
83288;10/09/2019;0000;;37.3;;9.7;30;43.25;1.02888;
83288;10/09/2019;1200;0;;22.2;;;;;
83288;11/09/2019;0000;;36.8;;10.5;28.92;38;0.8574;
83288;11/09/2019;1200;0;;21.9;;;;;
83288;12/09/2019;0000;;36.9;;10.9;29.24;45.5;1.02888;
83288;12/09/2019;1200;0;;21.2;;;;;